cpu,mem,disk,net,mid,cost
2,8,60,12,v_0,0.113
2,8,60,12,v_1,0.113
2,8,60,12,v_2,0.113
2,8,60,12,v_3,0.113
2,8,60,12,v_4,0.113
2,8,60,12,v_5,0.113
2,8,60,12,v_6,0.113
2,8,60,12,v_7,0.113
2,8,60,12,v_8,0.113
2,8,60,12,v_9,0.113
2,8,60,12,v_10,0.113
2,8,60,12,v_11,0.113
2,8,60,12,v_12,0.113
2,8,60,12,v_13,0.113
2,8,60,12,v_14,0.113
2,8,60,12,v_15,0.113
2,8,60,12,v_16,0.113
2,8,60,12,v_17,0.113
2,8,60,12,v_18,0.113
2,8,60,12,v_19,0.113
2,8,60,12,v_20,0.113
2,8,60,12,v_21,0.113
2,8,60,12,v_22,0.113
2,8,60,12,v_23,0.113
2,8,60,12,v_24,0.113
2,8,60,12,v_25,0.113
2,8,60,12,v_26,0.113
2,8,60,12,v_27,0.113
2,8,60,12,v_28,0.113
2,8,60,12,v_29,0.113
2,8,60,12,v_30,0.113
2,8,60,12,v_31,0.113
2,8,60,12,v_32,0.113
2,8,60,12,v_33,0.113
2,8,60,12,v_34,0.113
2,8,60,12,v_35,0.113
2,8,60,12,v_36,0.113
2,8,60,12,v_37,0.113
2,8,60,12,v_38,0.113
2,8,60,12,v_39,0.113
2,8,60,12,v_40,0.113
2,8,60,12,v_41,0.113
2,8,60,12,v_42,0.113
2,8,60,12,v_43,0.113
2,8,60,12,v_44,0.113
2,8,60,12,v_45,0.113
2,8,60,12,v_46,0.113
2,8,60,12,v_47,0.113
2,8,60,12,v_48,0.113
2,8,60,12,v_49,0.113
2,8,60,12,v_50,0.113
2,8,60,12,v_51,0.113
2,8,60,12,v_52,0.113
2,8,60,12,v_53,0.113
2,8,60,12,v_54,0.113
2,8,60,12,v_55,0.113
2,8,60,12,v_56,0.113
2,8,60,12,v_57,0.113
2,8,60,12,v_58,0.113
2,8,60,12,v_59,0.113
2,8,60,12,v_60,0.113
2,8,60,12,v_61,0.113
2,8,60,12,v_62,0.113
2,8,60,12,v_63,0.113
2,8,60,12,v_64,0.113
2,8,60,12,v_65,0.113
2,8,60,12,v_66,0.113
2,8,60,12,v_67,0.113
2,8,60,12,v_68,0.113
2,8,60,12,v_69,0.113
2,8,60,12,v_70,0.113
2,8,60,12,v_71,0.113
2,8,60,12,v_72,0.113
2,8,60,12,v_73,0.113
2,8,60,12,v_74,0.113
2,8,60,12,v_75,0.113
2,8,60,12,v_76,0.113
2,8,60,12,v_77,0.113
2,8,60,12,v_78,0.113
2,8,60,12,v_79,0.113
2,8,60,12,v_80,0.113
2,8,60,12,v_81,0.113
2,8,60,12,v_82,0.113
2,8,60,12,v_83,0.113
2,8,60,12,v_84,0.113
2,8,60,12,v_85,0.113
2,8,60,12,v_86,0.113
2,8,60,12,v_87,0.113
2,8,60,12,v_88,0.113
2,8,60,12,v_89,0.113
2,8,60,12,v_90,0.113
2,8,60,12,v_91,0.113
2,8,60,12,v_92,0.113
2,8,60,12,v_93,0.113
2,8,60,12,v_94,0.113
2,8,60,12,v_95,0.113
2,8,60,12,v_96,0.113
2,8,60,12,v_97,0.113
2,8,60,12,v_98,0.113
2,8,60,12,v_99,0.113
2,8,60,12,v_100,0.113
2,8,60,12,v_101,0.113
2,8,60,12,v_102,0.113
2,8,60,12,v_103,0.113
2,8,60,12,v_104,0.113
2,8,60,12,v_105,0.113
2,8,60,12,v_106,0.113
2,8,60,12,v_107,0.113
2,8,60,12,v_108,0.113
2,8,60,12,v_109,0.113
2,8,60,12,v_110,0.113
2,8,60,12,v_111,0.113
2,8,60,12,v_112,0.113
2,8,60,12,v_113,0.113
2,8,60,12,v_114,0.113
2,8,60,12,v_115,0.113
2,8,60,12,v_116,0.113
2,8,60,12,v_117,0.113
2,8,60,12,v_118,0.113
2,8,60,12,v_119,0.113
2,8,60,12,v_120,0.113
2,8,60,12,v_121,0.113
2,8,60,12,v_122,0.113
2,8,60,12,v_123,0.113
2,8,60,12,v_124,0.113
2,8,60,12,v_125,0.113
2,8,60,12,v_126,0.113
2,8,60,12,v_127,0.113
2,8,60,12,v_128,0.113
2,8,60,12,v_129,0.113
2,8,60,12,v_130,0.113
2,8,60,12,v_131,0.113
2,8,60,12,v_132,0.113
2,8,60,12,v_133,0.113
2,8,60,12,v_134,0.113
2,8,60,12,v_135,0.113
2,8,60,12,v_136,0.113
2,8,60,12,v_137,0.113
2,8,60,12,v_138,0.113
2,8,60,12,v_139,0.113
2,8,60,12,v_140,0.113
2,8,60,12,v_141,0.113
2,8,60,12,v_142,0.113
2,8,60,12,v_143,0.113
2,8,60,12,v_144,0.113
2,8,60,12,v_145,0.113
2,8,60,12,v_146,0.113
2,8,60,12,v_147,0.113
2,8,60,12,v_148,0.113
2,8,60,12,v_149,0.113
2,8,60,12,v_150,0.113
2,8,60,12,v_151,0.113
2,8,60,12,v_152,0.113
2,8,60,12,v_153,0.113
2,8,60,12,v_154,0.113
2,8,60,12,v_155,0.113
2,8,60,12,v_156,0.113
2,8,60,12,v_157,0.113
2,8,60,12,v_158,0.113
2,8,60,12,v_159,0.113
2,8,60,12,v_160,0.113
2,8,60,12,v_161,0.113
2,8,60,12,v_162,0.113
2,8,60,12,v_163,0.113
2,8,60,12,v_164,0.113
2,8,60,12,v_165,0.113
2,8,60,12,v_166,0.113
2,8,60,12,v_167,0.113
2,8,60,12,v_168,0.113
2,8,60,12,v_169,0.113
2,8,60,12,v_170,0.113
2,8,60,12,v_171,0.113
2,8,60,12,v_172,0.113
2,8,60,12,v_173,0.113
2,8,60,12,v_174,0.113
2,8,60,12,v_175,0.113
2,8,60,12,v_176,0.113
2,8,60,12,v_177,0.113
2,8,60,12,v_178,0.113
2,8,60,12,v_179,0.113
2,8,60,12,v_180,0.113
2,8,60,12,v_181,0.113
2,8,60,12,v_182,0.113
2,8,60,12,v_183,0.113
2,8,60,12,v_184,0.113
2,8,60,12,v_185,0.113
2,8,60,12,v_186,0.113
2,8,60,12,v_187,0.113
2,8,60,12,v_188,0.113
2,8,60,12,v_189,0.113
2,8,60,12,v_190,0.113
2,8,60,12,v_191,0.113
2,8,60,12,v_192,0.113
2,8,60,12,v_193,0.113
2,8,60,12,v_194,0.113
2,8,60,12,v_195,0.113
2,8,60,12,v_196,0.113
2,8,60,12,v_197,0.113
2,8,60,12,v_198,0.113
2,8,60,12,v_199,0.113
2,8,60,12,v_200,0.113
2,8,60,12,v_201,0.113
2,8,60,12,v_202,0.113
2,8,60,12,v_203,0.113
2,8,60,12,v_204,0.113
2,8,60,12,v_205,0.113
2,8,60,12,v_206,0.113
2,8,60,12,v_207,0.113
2,8,60,12,v_208,0.113
2,8,60,12,v_209,0.113
2,8,60,12,v_210,0.113
2,8,60,12,v_211,0.113
2,8,60,12,v_212,0.113
2,8,60,12,v_213,0.113
2,8,60,12,v_214,0.113
2,8,60,12,v_215,0.113
2,8,60,12,v_216,0.113
2,8,60,12,v_217,0.113
2,8,60,12,v_218,0.113
2,8,60,12,v_219,0.113
2,8,60,12,v_220,0.113
2,8,60,12,v_221,0.113
2,8,60,12,v_222,0.113
2,8,60,12,v_223,0.113
2,8,60,12,v_224,0.113
2,8,60,12,v_225,0.113
2,8,60,12,v_226,0.113
2,8,60,12,v_227,0.113
2,8,60,12,v_228,0.113
2,8,60,12,v_229,0.113
2,8,60,12,v_230,0.113
2,8,60,12,v_231,0.113
2,8,60,12,v_232,0.113
2,8,60,12,v_233,0.113
2,8,60,12,v_234,0.113
2,8,60,12,v_235,0.113
2,8,60,12,v_236,0.113
2,8,60,12,v_237,0.113
2,8,60,12,v_238,0.113
2,8,60,12,v_239,0.113
2,8,60,12,v_240,0.113
2,8,60,12,v_241,0.113
2,8,60,12,v_242,0.113
2,8,60,12,v_243,0.113
2,8,60,12,v_244,0.113
2,8,60,12,v_245,0.113
2,8,60,12,v_246,0.113
2,8,60,12,v_247,0.113
2,8,60,12,v_248,0.113
2,8,60,12,v_249,0.113
2,8,60,12,v_250,0.113
2,8,60,12,v_251,0.113
2,8,60,12,v_252,0.113
2,8,60,12,v_253,0.113
2,8,60,12,v_254,0.113
2,8,60,12,v_255,0.113
2,8,60,12,v_256,0.113
2,8,60,12,v_257,0.113
2,8,60,12,v_258,0.113
2,8,60,12,v_259,0.113
2,8,60,12,v_260,0.113
2,8,60,12,v_261,0.113
2,8,60,12,v_262,0.113
2,8,60,12,v_263,0.113
2,8,60,12,v_264,0.113
2,8,60,12,v_265,0.113
2,8,60,12,v_266,0.113
2,8,60,12,v_267,0.113
2,8,60,12,v_268,0.113
2,8,60,12,v_269,0.113
2,8,60,12,v_270,0.113
2,8,60,12,v_271,0.113
2,8,60,12,v_272,0.113
2,8,60,12,v_273,0.113
2,8,60,12,v_274,0.113
2,8,60,12,v_275,0.113
2,8,60,12,v_276,0.113
2,8,60,12,v_277,0.113
2,8,60,12,v_278,0.113
2,8,60,12,v_279,0.113
2,8,60,12,v_280,0.113
2,8,60,12,v_281,0.113
2,8,60,12,v_282,0.113
2,8,60,12,v_283,0.113
2,8,60,12,v_284,0.113
2,8,60,12,v_285,0.113
2,8,60,12,v_286,0.113
2,8,60,12,v_287,0.113
2,8,60,12,v_288,0.113
2,8,60,12,v_289,0.113
2,8,60,12,v_290,0.113
2,8,60,12,v_291,0.113
2,8,60,12,v_292,0.113
2,8,60,12,v_293,0.113
2,8,60,12,v_294,0.113
2,8,60,12,v_295,0.113
2,8,60,12,v_296,0.113
2,8,60,12,v_297,0.113
2,8,60,12,v_298,0.113
2,8,60,12,v_299,0.113
2,8,60,12,v_300,0.113
2,8,60,12,v_301,0.113
2,8,60,12,v_302,0.113
2,8,60,12,v_303,0.113
2,8,60,12,v_304,0.113
2,8,60,12,v_305,0.113
2,8,60,12,v_306,0.113
2,8,60,12,v_307,0.113
2,8,60,12,v_308,0.113
2,8,60,12,v_309,0.113
2,8,60,12,v_310,0.113
2,8,60,12,v_311,0.113
2,8,60,12,v_312,0.113
2,8,60,12,v_313,0.113
2,8,60,12,v_314,0.113
2,8,60,12,v_315,0.113
2,8,60,12,v_316,0.113
2,8,60,12,v_317,0.113
2,8,60,12,v_318,0.113
2,8,60,12,v_319,0.113
2,8,60,12,v_320,0.113
2,8,60,12,v_321,0.113
2,8,60,12,v_322,0.113
2,8,60,12,v_323,0.113
2,8,60,12,v_324,0.113
2,8,60,12,v_325,0.113
2,8,60,12,v_326,0.113
2,8,60,12,v_327,0.113
2,8,60,12,v_328,0.113
2,8,60,12,v_329,0.113
2,8,60,12,v_330,0.113
2,8,60,12,v_331,0.113
2,8,60,12,v_332,0.113
2,8,60,12,v_333,0.113
2,8,60,12,v_334,0.113
2,8,60,12,v_335,0.113
2,8,60,12,v_336,0.113
2,8,60,12,v_337,0.113
2,8,60,12,v_338,0.113
2,8,60,12,v_339,0.113
2,8,60,12,v_340,0.113
2,8,60,12,v_341,0.113
2,8,60,12,v_342,0.113
2,8,60,12,v_343,0.113
2,8,60,12,v_344,0.113
2,8,60,12,v_345,0.113
2,8,60,12,v_346,0.113
2,8,60,12,v_347,0.113
2,8,60,12,v_348,0.113
2,8,60,12,v_349,0.113
2,8,60,12,v_350,0.113
2,8,60,12,v_351,0.113
2,8,60,12,v_352,0.113
2,8,60,12,v_353,0.113
2,8,60,12,v_354,0.113
2,8,60,12,v_355,0.113
2,8,60,12,v_356,0.113
2,8,60,12,v_357,0.113
2,8,60,12,v_358,0.113
2,8,60,12,v_359,0.113
2,8,60,12,v_360,0.113
2,8,60,12,v_361,0.113
2,8,60,12,v_362,0.113
2,8,60,12,v_363,0.113
2,8,60,12,v_364,0.113
2,8,60,12,v_365,0.113
2,8,60,12,v_366,0.113
2,8,60,12,v_367,0.113
2,8,60,12,v_368,0.113
2,8,60,12,v_369,0.113
2,8,60,12,v_370,0.113
2,8,60,12,v_371,0.113
2,8,60,12,v_372,0.113
2,8,60,12,v_373,0.113
2,8,60,12,v_374,0.113
2,8,60,12,v_375,0.113
2,8,60,12,v_376,0.113
2,8,60,12,v_377,0.113
2,8,60,12,v_378,0.113
2,8,60,12,v_379,0.113
2,8,60,12,v_380,0.113
2,8,60,12,v_381,0.113
2,8,60,12,v_382,0.113
2,8,60,12,v_383,0.113
2,8,60,12,v_384,0.113
2,8,60,12,v_385,0.113
2,8,60,12,v_386,0.113
2,8,60,12,v_387,0.113
2,8,60,12,v_388,0.113
2,8,60,12,v_389,0.113
2,8,60,12,v_390,0.113
2,8,60,12,v_391,0.113
2,8,60,12,v_392,0.113
2,8,60,12,v_393,0.113
2,8,60,12,v_394,0.113
2,8,60,12,v_395,0.113
2,8,60,12,v_396,0.113
2,8,60,12,v_397,0.113
2,8,60,12,v_398,0.113
2,8,60,12,v_399,0.113
2,8,60,12,v_400,0.113
2,8,60,12,v_401,0.113
2,8,60,12,v_402,0.113
2,8,60,12,v_403,0.113
2,8,60,12,v_404,0.113
2,8,60,12,v_405,0.113
2,8,60,12,v_406,0.113
2,8,60,12,v_407,0.113
2,8,60,12,v_408,0.113
2,8,60,12,v_409,0.113
2,8,60,12,v_410,0.113
2,8,60,12,v_411,0.113
2,8,60,12,v_412,0.113
2,8,60,12,v_413,0.113
2,8,60,12,v_414,0.113
2,8,60,12,v_415,0.113
2,8,60,12,v_416,0.113
2,8,60,12,v_417,0.113
2,8,60,12,v_418,0.113
2,8,60,12,v_419,0.113
2,8,60,12,v_420,0.113
2,8,60,12,v_421,0.113
2,8,60,12,v_422,0.113
2,8,60,12,v_423,0.113
2,8,60,12,v_424,0.113
2,8,60,12,v_425,0.113
2,8,60,12,v_426,0.113
2,8,60,12,v_427,0.113
2,8,60,12,v_428,0.113
2,8,60,12,v_429,0.113
2,8,60,12,v_430,0.113
2,8,60,12,v_431,0.113
2,8,60,12,v_432,0.113
2,8,60,12,v_433,0.113
2,8,60,12,v_434,0.113
2,8,60,12,v_435,0.113
2,8,60,12,v_436,0.113
2,8,60,12,v_437,0.113
2,8,60,12,v_438,0.113
2,8,60,12,v_439,0.113
2,8,60,12,v_440,0.113
2,8,60,12,v_441,0.113
2,8,60,12,v_442,0.113
2,8,60,12,v_443,0.113
2,8,60,12,v_444,0.113
2,8,60,12,v_445,0.113
2,8,60,12,v_446,0.113
2,8,60,12,v_447,0.113
2,8,60,12,v_448,0.113
2,8,60,12,v_449,0.113
2,8,60,12,v_450,0.113
2,8,60,12,v_451,0.113
2,8,60,12,v_452,0.113
2,8,60,12,v_453,0.113
2,8,60,12,v_454,0.113
2,8,60,12,v_455,0.113
2,8,60,12,v_456,0.113
2,8,60,12,v_457,0.113
2,8,60,12,v_458,0.113
2,8,60,12,v_459,0.113
2,8,60,12,v_460,0.113
2,8,60,12,v_461,0.113
2,8,60,12,v_462,0.113
2,8,60,12,v_463,0.113
2,8,60,12,v_464,0.113
2,8,60,12,v_465,0.113
2,8,60,12,v_466,0.113
2,8,60,12,v_467,0.113
2,8,60,12,v_468,0.113
2,8,60,12,v_469,0.113
2,8,60,12,v_470,0.113
2,8,60,12,v_471,0.113
2,8,60,12,v_472,0.113
2,8,60,12,v_473,0.113
2,8,60,12,v_474,0.113
2,8,60,12,v_475,0.113
2,8,60,12,v_476,0.113
2,8,60,12,v_477,0.113
2,8,60,12,v_478,0.113
2,8,60,12,v_479,0.113
2,8,60,12,v_480,0.113
2,8,60,12,v_481,0.113
2,8,60,12,v_482,0.113
2,8,60,12,v_483,0.113
2,8,60,12,v_484,0.113
2,8,60,12,v_485,0.113
2,8,60,12,v_486,0.113
2,8,60,12,v_487,0.113
2,8,60,12,v_488,0.113
2,8,60,12,v_489,0.113
2,8,60,12,v_490,0.113
2,8,60,12,v_491,0.113
2,8,60,12,v_492,0.113
2,8,60,12,v_493,0.113
2,8,60,12,v_494,0.113
2,8,60,12,v_495,0.113
2,8,60,12,v_496,0.113
2,8,60,12,v_497,0.113
2,8,60,12,v_498,0.113
2,8,60,12,v_499,0.113
2,8,60,12,v_500,0.113
2,8,60,12,v_501,0.113
2,8,60,12,v_502,0.113
2,8,60,12,v_503,0.113
2,8,60,12,v_504,0.113
2,8,60,12,v_505,0.113
2,8,60,12,v_506,0.113
2,8,60,12,v_507,0.113
2,8,60,12,v_508,0.113
2,8,60,12,v_509,0.113
2,8,60,12,v_510,0.113
2,8,60,12,v_511,0.113
2,8,60,12,v_512,0.113
2,8,60,12,v_513,0.113
2,8,60,12,v_514,0.113
2,8,60,12,v_515,0.113
2,8,60,12,v_516,0.113
2,8,60,12,v_517,0.113
2,8,60,12,v_518,0.113
2,8,60,12,v_519,0.113
2,8,60,12,v_520,0.113
2,8,60,12,v_521,0.113
2,8,60,12,v_522,0.113
2,8,60,12,v_523,0.113
2,8,60,12,v_524,0.113
2,8,60,12,v_525,0.113
2,8,60,12,v_526,0.113
2,8,60,12,v_527,0.113
2,8,60,12,v_528,0.113
2,8,60,12,v_529,0.113
2,8,60,12,v_530,0.113
2,8,60,12,v_531,0.113
2,8,60,12,v_532,0.113
2,8,60,12,v_533,0.113
2,8,60,12,v_534,0.113
2,8,60,12,v_535,0.113
2,8,60,12,v_536,0.113
2,8,60,12,v_537,0.113
2,8,60,12,v_538,0.113
2,8,60,12,v_539,0.113
2,8,60,12,v_540,0.113
2,8,60,12,v_541,0.113
2,8,60,12,v_542,0.113
2,8,60,12,v_543,0.113
2,8,60,12,v_544,0.113
2,8,60,12,v_545,0.113
2,8,60,12,v_546,0.113
2,8,60,12,v_547,0.113
2,8,60,12,v_548,0.113
2,8,60,12,v_549,0.113
2,8,60,12,v_550,0.113
2,8,60,12,v_551,0.113
2,8,60,12,v_552,0.113
2,8,60,12,v_553,0.113
2,8,60,12,v_554,0.113
2,8,60,12,v_555,0.113
2,8,60,12,v_556,0.113
2,8,60,12,v_557,0.113
2,8,60,12,v_558,0.113
2,8,60,12,v_559,0.113
2,8,60,12,v_560,0.113
2,8,60,12,v_561,0.113
2,8,60,12,v_562,0.113
2,8,60,12,v_563,0.113
2,8,60,12,v_564,0.113
2,8,60,12,v_565,0.113
2,8,60,12,v_566,0.113
2,8,60,12,v_567,0.113
2,8,60,12,v_568,0.113
2,8,60,12,v_569,0.113
2,8,60,12,v_570,0.113
2,8,60,12,v_571,0.113
2,8,60,12,v_572,0.113
2,8,60,12,v_573,0.113
2,8,60,12,v_574,0.113
2,8,60,12,v_575,0.113
2,8,60,12,v_576,0.113
2,8,60,12,v_577,0.113
2,8,60,12,v_578,0.113
2,8,60,12,v_579,0.113
2,8,60,12,v_580,0.113
2,8,60,12,v_581,0.113
2,8,60,12,v_582,0.113
2,8,60,12,v_583,0.113
2,8,60,12,v_584,0.113
2,8,60,12,v_585,0.113
2,8,60,12,v_586,0.113
2,8,60,12,v_587,0.113
2,8,60,12,v_588,0.113
2,8,60,12,v_589,0.113
2,8,60,12,v_590,0.113
2,8,60,12,v_591,0.113
2,8,60,12,v_592,0.113
2,8,60,12,v_593,0.113
2,8,60,12,v_594,0.113
2,8,60,12,v_595,0.113
2,8,60,12,v_596,0.113
2,8,60,12,v_597,0.113
2,8,60,12,v_598,0.113
2,8,60,12,v_599,0.113
2,8,60,12,v_600,0.113
2,8,60,12,v_601,0.113
2,8,60,12,v_602,0.113
2,8,60,12,v_603,0.113
2,8,60,12,v_604,0.113
2,8,60,12,v_605,0.113
2,8,60,12,v_606,0.113
2,8,60,12,v_607,0.113
2,8,60,12,v_608,0.113
2,8,60,12,v_609,0.113
2,8,60,12,v_610,0.113
2,8,60,12,v_611,0.113
2,8,60,12,v_612,0.113
2,8,60,12,v_613,0.113
2,8,60,12,v_614,0.113
2,8,60,12,v_615,0.113
2,8,60,12,v_616,0.113
2,8,60,12,v_617,0.113
2,8,60,12,v_618,0.113
2,8,60,12,v_619,0.113
2,8,60,12,v_620,0.113
2,8,60,12,v_621,0.113
2,8,60,12,v_622,0.113
2,8,60,12,v_623,0.113
2,8,60,12,v_624,0.113
2,8,60,12,v_625,0.113
2,8,60,12,v_626,0.113
2,8,60,12,v_627,0.113
2,8,60,12,v_628,0.113
2,8,60,12,v_629,0.113
2,8,60,12,v_630,0.113
2,8,60,12,v_631,0.113
2,8,60,12,v_632,0.113
2,8,60,12,v_633,0.113
2,8,60,12,v_634,0.113
2,8,60,12,v_635,0.113
2,8,60,12,v_636,0.113
2,8,60,12,v_637,0.113
2,8,60,12,v_638,0.113
2,8,60,12,v_639,0.113
2,8,60,12,v_640,0.113
2,8,60,12,v_641,0.113
2,8,60,12,v_642,0.113
2,8,60,12,v_643,0.113
2,8,60,12,v_644,0.113
2,8,60,12,v_645,0.113
2,8,60,12,v_646,0.113
2,8,60,12,v_647,0.113
2,8,60,12,v_648,0.113
2,8,60,12,v_649,0.113
2,8,60,12,v_650,0.113
2,8,60,12,v_651,0.113
2,8,60,12,v_652,0.113
2,8,60,12,v_653,0.113
2,8,60,12,v_654,0.113
2,8,60,12,v_655,0.113
2,8,60,12,v_656,0.113
2,8,60,12,v_657,0.113
2,8,60,12,v_658,0.113
2,8,60,12,v_659,0.113
2,8,60,12,v_660,0.113
2,8,60,12,v_661,0.113
2,8,60,12,v_662,0.113
2,8,60,12,v_663,0.113
2,8,60,12,v_664,0.113
2,8,60,12,v_665,0.113
2,8,60,12,v_666,0.113
2,8,60,12,v_667,0.113
2,8,60,12,v_668,0.113
2,8,60,12,v_669,0.113
2,8,60,12,v_670,0.113
2,8,60,12,v_671,0.113
2,8,60,12,v_672,0.113
2,8,60,12,v_673,0.113
2,8,60,12,v_674,0.113
2,8,60,12,v_675,0.113
2,8,60,12,v_676,0.113
2,8,60,12,v_677,0.113
2,8,60,12,v_678,0.113
2,8,60,12,v_679,0.113
2,8,60,12,v_680,0.113
2,8,60,12,v_681,0.113
2,8,60,12,v_682,0.113
2,8,60,12,v_683,0.113
2,8,60,12,v_684,0.113
2,8,60,12,v_685,0.113
2,8,60,12,v_686,0.113
2,8,60,12,v_687,0.113
2,8,60,12,v_688,0.113
2,8,60,12,v_689,0.113
2,8,60,12,v_690,0.113
2,8,60,12,v_691,0.113
2,8,60,12,v_692,0.113
2,8,60,12,v_693,0.113
2,8,60,12,v_694,0.113
2,8,60,12,v_695,0.113
2,8,60,12,v_696,0.113
2,8,60,12,v_697,0.113
2,8,60,12,v_698,0.113
2,8,60,12,v_699,0.113
2,8,60,12,v_700,0.113
2,8,60,12,v_701,0.113
2,8,60,12,v_702,0.113
2,8,60,12,v_703,0.113
2,8,60,12,v_704,0.113
2,8,60,12,v_705,0.113
2,8,60,12,v_706,0.113
2,8,60,12,v_707,0.113
2,8,60,12,v_708,0.113
2,8,60,12,v_709,0.113
2,8,60,12,v_710,0.113
2,8,60,12,v_711,0.113
2,8,60,12,v_712,0.113
2,8,60,12,v_713,0.113
2,8,60,12,v_714,0.113
2,8,60,12,v_715,0.113
2,8,60,12,v_716,0.113
2,8,60,12,v_717,0.113
2,8,60,12,v_718,0.113
2,8,60,12,v_719,0.113
2,8,60,12,v_720,0.113
2,8,60,12,v_721,0.113
2,8,60,12,v_722,0.113
2,8,60,12,v_723,0.113
2,8,60,12,v_724,0.113
2,8,60,12,v_725,0.113
2,8,60,12,v_726,0.113
2,8,60,12,v_727,0.113
2,8,60,12,v_728,0.113
2,8,60,12,v_729,0.113
2,8,60,12,v_730,0.113
2,8,60,12,v_731,0.113
2,8,60,12,v_732,0.113
2,8,60,12,v_733,0.113
2,8,60,12,v_734,0.113
2,8,60,12,v_735,0.113
2,8,60,12,v_736,0.113
2,8,60,12,v_737,0.113
2,8,60,12,v_738,0.113
2,8,60,12,v_739,0.113
2,8,60,12,v_740,0.113
2,8,60,12,v_741,0.113
2,8,60,12,v_742,0.113
2,8,60,12,v_743,0.113
2,8,60,12,v_744,0.113
2,8,60,12,v_745,0.113
2,8,60,12,v_746,0.113
2,8,60,12,v_747,0.113
2,8,60,12,v_748,0.113
2,8,60,12,v_749,0.113
2,8,60,12,v_750,0.113
2,8,60,12,v_751,0.113
2,8,60,12,v_752,0.113
2,8,60,12,v_753,0.113
2,8,60,12,v_754,0.113
2,8,60,12,v_755,0.113
2,8,60,12,v_756,0.113
2,8,60,12,v_757,0.113
2,8,60,12,v_758,0.113
2,8,60,12,v_759,0.113
2,8,60,12,v_760,0.113
2,8,60,12,v_761,0.113
2,8,60,12,v_762,0.113
2,8,60,12,v_763,0.113
2,8,60,12,v_764,0.113
2,8,60,12,v_765,0.113
2,8,60,12,v_766,0.113
2,8,60,12,v_767,0.113
2,8,60,12,v_768,0.113
2,8,60,12,v_769,0.113
2,8,60,12,v_770,0.113
2,8,60,12,v_771,0.113
2,8,60,12,v_772,0.113
2,8,60,12,v_773,0.113
2,8,60,12,v_774,0.113
2,8,60,12,v_775,0.113
2,8,60,12,v_776,0.113
2,8,60,12,v_777,0.113
2,8,60,12,v_778,0.113
2,8,60,12,v_779,0.113
2,8,60,12,v_780,0.113
2,8,60,12,v_781,0.113
2,8,60,12,v_782,0.113
2,8,60,12,v_783,0.113
2,8,60,12,v_784,0.113
2,8,60,12,v_785,0.113
2,8,60,12,v_786,0.113
2,8,60,12,v_787,0.113
2,8,60,12,v_788,0.113
2,8,60,12,v_789,0.113
2,8,60,12,v_790,0.113
2,8,60,12,v_791,0.113
2,8,60,12,v_792,0.113
2,8,60,12,v_793,0.113
2,8,60,12,v_794,0.113
2,8,60,12,v_795,0.113
2,8,60,12,v_796,0.113
2,8,60,12,v_797,0.113
2,8,60,12,v_798,0.113
2,8,60,12,v_799,0.113
2,8,60,12,v_800,0.113
2,8,60,12,v_801,0.113
2,8,60,12,v_802,0.113
2,8,60,12,v_803,0.113
2,8,60,12,v_804,0.113
2,8,60,12,v_805,0.113
2,8,60,12,v_806,0.113
2,8,60,12,v_807,0.113
2,8,60,12,v_808,0.113
2,8,60,12,v_809,0.113
2,8,60,12,v_810,0.113
2,8,60,12,v_811,0.113
2,8,60,12,v_812,0.113
2,8,60,12,v_813,0.113
2,8,60,12,v_814,0.113
2,8,60,12,v_815,0.113
2,8,60,12,v_816,0.113
2,8,60,12,v_817,0.113
2,8,60,12,v_818,0.113
2,8,60,12,v_819,0.113
2,8,60,12,v_820,0.113
2,8,60,12,v_821,0.113
2,8,60,12,v_822,0.113
2,8,60,12,v_823,0.113
2,8,60,12,v_824,0.113
2,8,60,12,v_825,0.113
2,8,60,12,v_826,0.113
2,8,60,12,v_827,0.113
2,8,60,12,v_828,0.113
2,8,60,12,v_829,0.113
2,8,60,12,v_830,0.113
2,8,60,12,v_831,0.113
2,8,60,12,v_832,0.113
2,8,60,12,v_833,0.113
2,8,60,12,v_834,0.113
2,8,60,12,v_835,0.113
2,8,60,12,v_836,0.113
2,8,60,12,v_837,0.113
2,8,60,12,v_838,0.113
2,8,60,12,v_839,0.113
2,8,60,12,v_840,0.113
2,8,60,12,v_841,0.113
2,8,60,12,v_842,0.113
2,8,60,12,v_843,0.113
2,8,60,12,v_844,0.113
2,8,60,12,v_845,0.113
2,8,60,12,v_846,0.113
2,8,60,12,v_847,0.113
2,8,60,12,v_848,0.113
2,8,60,12,v_849,0.113
2,8,60,12,v_850,0.113
2,8,60,12,v_851,0.113
2,8,60,12,v_852,0.113
2,8,60,12,v_853,0.113
2,8,60,12,v_854,0.113
2,8,60,12,v_855,0.113
2,8,60,12,v_856,0.113
2,8,60,12,v_857,0.113
2,8,60,12,v_858,0.113
2,8,60,12,v_859,0.113
2,8,60,12,v_860,0.113
2,8,60,12,v_861,0.113
2,8,60,12,v_862,0.113
2,8,60,12,v_863,0.113
2,8,60,12,v_864,0.113
2,8,60,12,v_865,0.113
2,8,60,12,v_866,0.113
2,8,60,12,v_867,0.113
2,8,60,12,v_868,0.113
2,8,60,12,v_869,0.113
2,8,60,12,v_870,0.113
2,8,60,12,v_871,0.113
2,8,60,12,v_872,0.113
2,8,60,12,v_873,0.113
2,8,60,12,v_874,0.113
2,8,60,12,v_875,0.113
2,8,60,12,v_876,0.113
2,8,60,12,v_877,0.113
2,8,60,12,v_878,0.113
2,8,60,12,v_879,0.113
2,8,60,12,v_880,0.113
2,8,60,12,v_881,0.113
2,8,60,12,v_882,0.113
2,8,60,12,v_883,0.113
2,8,60,12,v_884,0.113
2,8,60,12,v_885,0.113
2,8,60,12,v_886,0.113
2,8,60,12,v_887,0.113
2,8,60,12,v_888,0.113
2,8,60,12,v_889,0.113
2,8,60,12,v_890,0.113
2,8,60,12,v_891,0.113
2,8,60,12,v_892,0.113
2,8,60,12,v_893,0.113
2,8,60,12,v_894,0.113
2,8,60,12,v_895,0.113
2,8,60,12,v_896,0.113
2,8,60,12,v_897,0.113
2,8,60,12,v_898,0.113
2,8,60,12,v_899,0.113
2,8,60,12,v_900,0.113
2,8,60,12,v_901,0.113
2,8,60,12,v_902,0.113
2,8,60,12,v_903,0.113
2,8,60,12,v_904,0.113
2,8,60,12,v_905,0.113
2,8,60,12,v_906,0.113
2,8,60,12,v_907,0.113
2,8,60,12,v_908,0.113
2,8,60,12,v_909,0.113
2,8,60,12,v_910,0.113
2,8,60,12,v_911,0.113
2,8,60,12,v_912,0.113
2,8,60,12,v_913,0.113
2,8,60,12,v_914,0.113
2,8,60,12,v_915,0.113
2,8,60,12,v_916,0.113
2,8,60,12,v_917,0.113
2,8,60,12,v_918,0.113
2,8,60,12,v_919,0.113
2,8,60,12,v_920,0.113
2,8,60,12,v_921,0.113
2,8,60,12,v_922,0.113
2,8,60,12,v_923,0.113
2,8,60,12,v_924,0.113
2,8,60,12,v_925,0.113
2,8,60,12,v_926,0.113
2,8,60,12,v_927,0.113
2,8,60,12,v_928,0.113
2,8,60,12,v_929,0.113
2,8,60,12,v_930,0.113
2,8,60,12,v_931,0.113
2,8,60,12,v_932,0.113
2,8,60,12,v_933,0.113
2,8,60,12,v_934,0.113
2,8,60,12,v_935,0.113
2,8,60,12,v_936,0.113
2,8,60,12,v_937,0.113
2,8,60,12,v_938,0.113
2,8,60,12,v_939,0.113
2,8,60,12,v_940,0.113
2,8,60,12,v_941,0.113
2,8,60,12,v_942,0.113
2,8,60,12,v_943,0.113
2,8,60,12,v_944,0.113
2,8,60,12,v_945,0.113
2,8,60,12,v_946,0.113
2,8,60,12,v_947,0.113
2,8,60,12,v_948,0.113
2,8,60,12,v_949,0.113
2,8,60,12,v_950,0.113
2,8,60,12,v_951,0.113
2,8,60,12,v_952,0.113
2,8,60,12,v_953,0.113
2,8,60,12,v_954,0.113
2,8,60,12,v_955,0.113
2,8,60,12,v_956,0.113
2,8,60,12,v_957,0.113
2,8,60,12,v_958,0.113
2,8,60,12,v_959,0.113
2,8,60,12,v_960,0.113
2,8,60,12,v_961,0.113
2,8,60,12,v_962,0.113
2,8,60,12,v_963,0.113
2,8,60,12,v_964,0.113
2,8,60,12,v_965,0.113
2,8,60,12,v_966,0.113
2,8,60,12,v_967,0.113
2,8,60,12,v_968,0.113
2,8,60,12,v_969,0.113
2,8,60,12,v_970,0.113
2,8,60,12,v_971,0.113
2,8,60,12,v_972,0.113
2,8,60,12,v_973,0.113
2,8,60,12,v_974,0.113
2,8,60,12,v_975,0.113
2,8,60,12,v_976,0.113
2,8,60,12,v_977,0.113
2,8,60,12,v_978,0.113
2,8,60,12,v_979,0.113
2,8,60,12,v_980,0.113
2,8,60,12,v_981,0.113
2,8,60,12,v_982,0.113
2,8,60,12,v_983,0.113
2,8,60,12,v_984,0.113
2,8,60,12,v_985,0.113
2,8,60,12,v_986,0.113
2,8,60,12,v_987,0.113
2,8,60,12,v_988,0.113
2,8,60,12,v_989,0.113
2,8,60,12,v_990,0.113
2,8,60,12,v_991,0.113
2,8,60,12,v_992,0.113
2,8,60,12,v_993,0.113
2,8,60,12,v_994,0.113
2,8,60,12,v_995,0.113
2,8,60,12,v_996,0.113
2,8,60,12,v_997,0.113
2,8,60,12,v_998,0.113
2,8,60,12,v_999,0.113
2,8,60,12,v_1000,0.113
2,8,60,12,v_1001,0.113
2,8,60,12,v_1002,0.113
2,8,60,12,v_1003,0.113
2,8,60,12,v_1004,0.113
2,8,60,12,v_1005,0.113
2,8,60,12,v_1006,0.113
2,8,60,12,v_1007,0.113
2,8,60,12,v_1008,0.113
2,8,60,12,v_1009,0.113
2,8,60,12,v_1010,0.113
2,8,60,12,v_1011,0.113
2,8,60,12,v_1012,0.113
2,8,60,12,v_1013,0.113
2,8,60,12,v_1014,0.113
2,8,60,12,v_1015,0.113
2,8,60,12,v_1016,0.113
2,8,60,12,v_1017,0.113
2,8,60,12,v_1018,0.113
2,8,60,12,v_1019,0.113
2,8,60,12,v_1020,0.113
2,8,60,12,v_1021,0.113
2,8,60,12,v_1022,0.113
2,8,60,12,v_1023,0.113
2,8,60,12,v_1024,0.113
2,8,60,12,v_1025,0.113
2,8,60,12,v_1026,0.113
2,8,60,12,v_1027,0.113
2,8,60,12,v_1028,0.113
2,8,60,12,v_1029,0.113
2,8,60,12,v_1030,0.113
2,8,60,12,v_1031,0.113
2,8,60,12,v_1032,0.113
2,8,60,12,v_1033,0.113
2,8,60,12,v_1034,0.113
2,8,60,12,v_1035,0.113
2,8,60,12,v_1036,0.113
2,8,60,12,v_1037,0.113
2,8,60,12,v_1038,0.113
2,8,60,12,v_1039,0.113
2,8,60,12,v_1040,0.113
2,8,60,12,v_1041,0.113
2,8,60,12,v_1042,0.113
2,8,60,12,v_1043,0.113
2,8,60,12,v_1044,0.113
2,8,60,12,v_1045,0.113
2,8,60,12,v_1046,0.113
2,8,60,12,v_1047,0.113
2,8,60,12,v_1048,0.113
2,8,60,12,v_1049,0.113
2,8,60,12,v_1050,0.113
2,8,60,12,v_1051,0.113
2,8,60,12,v_1052,0.113
2,8,60,12,v_1053,0.113
2,8,60,12,v_1054,0.113
2,8,60,12,v_1055,0.113
2,8,60,12,v_1056,0.113
2,8,60,12,v_1057,0.113
2,8,60,12,v_1058,0.113
2,8,60,12,v_1059,0.113
2,8,60,12,v_1060,0.113
2,8,60,12,v_1061,0.113
2,8,60,12,v_1062,0.113
2,8,60,12,v_1063,0.113
2,8,60,12,v_1064,0.113
2,8,60,12,v_1065,0.113
2,8,60,12,v_1066,0.113
2,8,60,12,v_1067,0.113
2,8,60,12,v_1068,0.113
2,8,60,12,v_1069,0.113
2,8,60,12,v_1070,0.113
2,8,60,12,v_1071,0.113
2,8,60,12,v_1072,0.113
2,8,60,12,v_1073,0.113
2,8,60,12,v_1074,0.113
2,8,60,12,v_1075,0.113
2,8,60,12,v_1076,0.113
2,8,60,12,v_1077,0.113
2,8,60,12,v_1078,0.113
2,8,60,12,v_1079,0.113
2,8,60,12,v_1080,0.113
2,8,60,12,v_1081,0.113
2,8,60,12,v_1082,0.113
2,8,60,12,v_1083,0.113
2,8,60,12,v_1084,0.113
2,8,60,12,v_1085,0.113
2,8,60,12,v_1086,0.113
2,8,60,12,v_1087,0.113
2,8,60,12,v_1088,0.113
2,8,60,12,v_1089,0.113
2,8,60,12,v_1090,0.113
2,8,60,12,v_1091,0.113
2,8,60,12,v_1092,0.113
2,8,60,12,v_1093,0.113
2,8,60,12,v_1094,0.113
2,8,60,12,v_1095,0.113
2,8,60,12,v_1096,0.113
2,8,60,12,v_1097,0.113
2,8,60,12,v_1098,0.113
2,8,60,12,v_1099,0.113
2,8,60,12,v_1100,0.113
2,8,60,12,v_1101,0.113
2,8,60,12,v_1102,0.113
2,8,60,12,v_1103,0.113
2,8,60,12,v_1104,0.113
2,8,60,12,v_1105,0.113
2,8,60,12,v_1106,0.113
2,8,60,12,v_1107,0.113
2,8,60,12,v_1108,0.113
2,8,60,12,v_1109,0.113
2,8,60,12,v_1110,0.113
2,8,60,12,v_1111,0.113
2,8,60,12,v_1112,0.113
2,8,60,12,v_1113,0.113
2,8,60,12,v_1114,0.113
2,8,60,12,v_1115,0.113
2,8,60,12,v_1116,0.113
2,8,60,12,v_1117,0.113
2,8,60,12,v_1118,0.113
2,8,60,12,v_1119,0.113
2,8,60,12,v_1120,0.113
2,8,60,12,v_1121,0.113
2,8,60,12,v_1122,0.113
2,8,60,12,v_1123,0.113
2,8,60,12,v_1124,0.113
2,8,60,12,v_1125,0.113
2,8,60,12,v_1126,0.113
2,8,60,12,v_1127,0.113
2,8,60,12,v_1128,0.113
2,8,60,12,v_1129,0.113
2,8,60,12,v_1130,0.113
2,8,60,12,v_1131,0.113
2,8,60,12,v_1132,0.113
2,8,60,12,v_1133,0.113
2,8,60,12,v_1134,0.113
2,8,60,12,v_1135,0.113
2,8,60,12,v_1136,0.113
2,8,60,12,v_1137,0.113
2,8,60,12,v_1138,0.113
2,8,60,12,v_1139,0.113
2,8,60,12,v_1140,0.113
2,8,60,12,v_1141,0.113
2,8,60,12,v_1142,0.113
2,8,60,12,v_1143,0.113
2,8,60,12,v_1144,0.113
2,8,60,12,v_1145,0.113
2,8,60,12,v_1146,0.113
2,8,60,12,v_1147,0.113
2,8,60,12,v_1148,0.113
2,8,60,12,v_1149,0.113
2,8,60,12,v_1150,0.113
2,8,60,12,v_1151,0.113
2,8,60,12,v_1152,0.113
2,8,60,12,v_1153,0.113
2,8,60,12,v_1154,0.113
2,8,60,12,v_1155,0.113
2,8,60,12,v_1156,0.113
2,8,60,12,v_1157,0.113
2,8,60,12,v_1158,0.113
2,8,60,12,v_1159,0.113
2,8,60,12,v_1160,0.113
2,8,60,12,v_1161,0.113
2,8,60,12,v_1162,0.113
2,8,60,12,v_1163,0.113
2,8,60,12,v_1164,0.113
2,8,60,12,v_1165,0.113
2,8,60,12,v_1166,0.113
2,8,60,12,v_1167,0.113
2,8,60,12,v_1168,0.113
2,8,60,12,v_1169,0.113
2,8,60,12,v_1170,0.113
2,8,60,12,v_1171,0.113
2,8,60,12,v_1172,0.113
2,8,60,12,v_1173,0.113
2,8,60,12,v_1174,0.113
2,8,60,12,v_1175,0.113
2,8,60,12,v_1176,0.113
2,8,60,12,v_1177,0.113
2,8,60,12,v_1178,0.113
2,8,60,12,v_1179,0.113
2,8,60,12,v_1180,0.113
2,8,60,12,v_1181,0.113
2,8,60,12,v_1182,0.113
2,8,60,12,v_1183,0.113
2,8,60,12,v_1184,0.113
2,8,60,12,v_1185,0.113
2,8,60,12,v_1186,0.113
2,8,60,12,v_1187,0.113
2,8,60,12,v_1188,0.113
2,8,60,12,v_1189,0.113
2,8,60,12,v_1190,0.113
2,8,60,12,v_1191,0.113
2,8,60,12,v_1192,0.113
2,8,60,12,v_1193,0.113
2,8,60,12,v_1194,0.113
2,8,60,12,v_1195,0.113
2,8,60,12,v_1196,0.113
2,8,60,12,v_1197,0.113
2,8,60,12,v_1198,0.113
2,8,60,12,v_1199,0.113
2,8,60,12,v_1200,0.113
2,8,60,12,v_1201,0.113
2,8,60,12,v_1202,0.113
2,8,60,12,v_1203,0.113
2,8,60,12,v_1204,0.113
2,8,60,12,v_1205,0.113
2,8,60,12,v_1206,0.113
2,8,60,12,v_1207,0.113
2,8,60,12,v_1208,0.113
2,8,60,12,v_1209,0.113
2,8,60,12,v_1210,0.113
2,8,60,12,v_1211,0.113
2,8,60,12,v_1212,0.113
2,8,60,12,v_1213,0.113
2,8,60,12,v_1214,0.113
2,8,60,12,v_1215,0.113
2,8,60,12,v_1216,0.113
2,8,60,12,v_1217,0.113
2,8,60,12,v_1218,0.113
2,8,60,12,v_1219,0.113
2,8,60,12,v_1220,0.113
2,8,60,12,v_1221,0.113
2,8,60,12,v_1222,0.113
2,8,60,12,v_1223,0.113
2,8,60,12,v_1224,0.113
2,8,60,12,v_1225,0.113
2,8,60,12,v_1226,0.113
2,8,60,12,v_1227,0.113
2,8,60,12,v_1228,0.113
2,8,60,12,v_1229,0.113
2,8,60,12,v_1230,0.113
2,8,60,12,v_1231,0.113
2,8,60,12,v_1232,0.113
2,8,60,12,v_1233,0.113
2,8,60,12,v_1234,0.113
2,8,60,12,v_1235,0.113
2,8,60,12,v_1236,0.113
2,8,60,12,v_1237,0.113
2,8,60,12,v_1238,0.113
2,8,60,12,v_1239,0.113
2,8,60,12,v_1240,0.113
2,8,60,12,v_1241,0.113
2,8,60,12,v_1242,0.113
2,8,60,12,v_1243,0.113
2,8,60,12,v_1244,0.113
2,8,60,12,v_1245,0.113
2,8,60,12,v_1246,0.113
2,8,60,12,v_1247,0.113
2,8,60,12,v_1248,0.113
2,8,60,12,v_1249,0.113
2,8,60,12,v_1250,0.113
2,8,60,12,v_1251,0.113
2,8,60,12,v_1252,0.113
2,8,60,12,v_1253,0.113
2,8,60,12,v_1254,0.113
2,8,60,12,v_1255,0.113
2,8,60,12,v_1256,0.113
2,8,60,12,v_1257,0.113
2,8,60,12,v_1258,0.113
2,8,60,12,v_1259,0.113
2,8,60,12,v_1260,0.113
2,8,60,12,v_1261,0.113
2,8,60,12,v_1262,0.113
2,8,60,12,v_1263,0.113
2,8,60,12,v_1264,0.113
2,8,60,12,v_1265,0.113
2,8,60,12,v_1266,0.113
2,8,60,12,v_1267,0.113
2,8,60,12,v_1268,0.113
2,8,60,12,v_1269,0.113
2,8,60,12,v_1270,0.113
2,8,60,12,v_1271,0.113
2,8,60,12,v_1272,0.113
2,8,60,12,v_1273,0.113
2,8,60,12,v_1274,0.113
2,8,60,12,v_1275,0.113
2,8,60,12,v_1276,0.113
2,8,60,12,v_1277,0.113
2,8,60,12,v_1278,0.113
2,8,60,12,v_1279,0.113
2,8,60,12,v_1280,0.113
2,8,60,12,v_1281,0.113
2,8,60,12,v_1282,0.113
2,8,60,12,v_1283,0.113
2,8,60,12,v_1284,0.113
2,8,60,12,v_1285,0.113
2,8,60,12,v_1286,0.113
2,8,60,12,v_1287,0.113
2,8,60,12,v_1288,0.113
2,8,60,12,v_1289,0.113
2,8,60,12,v_1290,0.113
2,8,60,12,v_1291,0.113
2,8,60,12,v_1292,0.113
2,8,60,12,v_1293,0.113
2,8,60,12,v_1294,0.113
2,8,60,12,v_1295,0.113
2,8,60,12,v_1296,0.113
2,8,60,12,v_1297,0.113
2,8,60,12,v_1298,0.113
2,8,60,12,v_1299,0.113
2,8,60,12,v_1300,0.113
2,8,60,12,v_1301,0.113
2,8,60,12,v_1302,0.113
2,8,60,12,v_1303,0.113
2,8,60,12,v_1304,0.113
2,8,60,12,v_1305,0.113
2,8,60,12,v_1306,0.113
2,8,60,12,v_1307,0.113
2,8,60,12,v_1308,0.113
2,8,60,12,v_1309,0.113
2,8,60,12,v_1310,0.113
2,8,60,12,v_1311,0.113
2,8,60,12,v_1312,0.113
2,8,60,12,v_1313,0.113
2,8,60,12,v_1314,0.113
2,8,60,12,v_1315,0.113
2,8,60,12,v_1316,0.113
2,8,60,12,v_1317,0.113
2,8,60,12,v_1318,0.113
2,8,60,12,v_1319,0.113
2,8,60,12,v_1320,0.113
2,8,60,12,v_1321,0.113
2,8,60,12,v_1322,0.113
2,8,60,12,v_1323,0.113
2,8,60,12,v_1324,0.113
2,8,60,12,v_1325,0.113
2,8,60,12,v_1326,0.113
2,8,60,12,v_1327,0.113
2,8,60,12,v_1328,0.113
2,8,60,12,v_1329,0.113
2,8,60,12,v_1330,0.113
2,8,60,12,v_1331,0.113
2,8,60,12,v_1332,0.113
2,8,60,12,v_1333,0.113
2,8,60,12,v_1334,0.113
2,8,60,12,v_1335,0.113
2,8,60,12,v_1336,0.113
2,8,60,12,v_1337,0.113
2,8,60,12,v_1338,0.113
2,8,60,12,v_1339,0.113
2,8,60,12,v_1340,0.113
2,8,60,12,v_1341,0.113
2,8,60,12,v_1342,0.113
2,8,60,12,v_1343,0.113
2,8,60,12,v_1344,0.113
2,8,60,12,v_1345,0.113
2,8,60,12,v_1346,0.113
2,8,60,12,v_1347,0.113
2,8,60,12,v_1348,0.113
2,8,60,12,v_1349,0.113
2,8,60,12,v_1350,0.113
2,8,60,12,v_1351,0.113
2,8,60,12,v_1352,0.113
2,8,60,12,v_1353,0.113
2,8,60,12,v_1354,0.113
2,8,60,12,v_1355,0.113
2,8,60,12,v_1356,0.113
2,8,60,12,v_1357,0.113
2,8,60,12,v_1358,0.113
2,8,60,12,v_1359,0.113
2,8,60,12,v_1360,0.113
2,8,60,12,v_1361,0.113
2,8,60,12,v_1362,0.113
2,8,60,12,v_1363,0.113
2,8,60,12,v_1364,0.113
2,8,60,12,v_1365,0.113
2,8,60,12,v_1366,0.113
2,8,60,12,v_1367,0.113
2,8,60,12,v_1368,0.113
2,8,60,12,v_1369,0.113
2,8,60,12,v_1370,0.113
2,8,60,12,v_1371,0.113
2,8,60,12,v_1372,0.113
2,8,60,12,v_1373,0.113
2,8,60,12,v_1374,0.113
2,8,60,12,v_1375,0.113
2,8,60,12,v_1376,0.113
2,8,60,12,v_1377,0.113
2,8,60,12,v_1378,0.113
2,8,60,12,v_1379,0.113
2,8,60,12,v_1380,0.113
2,8,60,12,v_1381,0.113
2,8,60,12,v_1382,0.113
2,8,60,12,v_1383,0.113
2,8,60,12,v_1384,0.113
2,8,60,12,v_1385,0.113
2,8,60,12,v_1386,0.113
2,8,60,12,v_1387,0.113
2,8,60,12,v_1388,0.113
2,8,60,12,v_1389,0.113
2,8,60,12,v_1390,0.113
2,8,60,12,v_1391,0.113
2,8,60,12,v_1392,0.113
2,8,60,12,v_1393,0.113
2,8,60,12,v_1394,0.113
2,8,60,12,v_1395,0.113
2,8,60,12,v_1396,0.113
2,8,60,12,v_1397,0.113
2,8,60,12,v_1398,0.113
2,8,60,12,v_1399,0.113
2,8,60,12,v_1400,0.113
2,8,60,12,v_1401,0.113
2,8,60,12,v_1402,0.113
2,8,60,12,v_1403,0.113
2,8,60,12,v_1404,0.113
2,8,60,12,v_1405,0.113
2,8,60,12,v_1406,0.113
2,8,60,12,v_1407,0.113
2,8,60,12,v_1408,0.113
2,8,60,12,v_1409,0.113
2,8,60,12,v_1410,0.113
2,8,60,12,v_1411,0.113
2,8,60,12,v_1412,0.113
2,8,60,12,v_1413,0.113
2,8,60,12,v_1414,0.113
2,8,60,12,v_1415,0.113
2,8,60,12,v_1416,0.113
2,8,60,12,v_1417,0.113
2,8,60,12,v_1418,0.113
2,8,60,12,v_1419,0.113
2,8,60,12,v_1420,0.113
2,8,60,12,v_1421,0.113
2,8,60,12,v_1422,0.113
2,8,60,12,v_1423,0.113
2,8,60,12,v_1424,0.113
2,8,60,12,v_1425,0.113
2,8,60,12,v_1426,0.113
2,8,60,12,v_1427,0.113
2,8,60,12,v_1428,0.113
2,8,60,12,v_1429,0.113
2,8,60,12,v_1430,0.113
2,8,60,12,v_1431,0.113
2,8,60,12,v_1432,0.113
2,8,60,12,v_1433,0.113
2,8,60,12,v_1434,0.113
2,8,60,12,v_1435,0.113
2,8,60,12,v_1436,0.113
2,8,60,12,v_1437,0.113
2,8,60,12,v_1438,0.113
2,8,60,12,v_1439,0.113
2,8,60,12,v_1440,0.113
2,8,60,12,v_1441,0.113
2,8,60,12,v_1442,0.113
2,8,60,12,v_1443,0.113
2,8,60,12,v_1444,0.113
2,8,60,12,v_1445,0.113
2,8,60,12,v_1446,0.113
2,8,60,12,v_1447,0.113
2,8,60,12,v_1448,0.113
2,8,60,12,v_1449,0.113
2,8,60,12,v_1450,0.113
2,8,60,12,v_1451,0.113
2,8,60,12,v_1452,0.113
2,8,60,12,v_1453,0.113
2,8,60,12,v_1454,0.113
2,8,60,12,v_1455,0.113
2,8,60,12,v_1456,0.113
2,8,60,12,v_1457,0.113
2,8,60,12,v_1458,0.113
2,8,60,12,v_1459,0.113
2,8,60,12,v_1460,0.113
2,8,60,12,v_1461,0.113
2,8,60,12,v_1462,0.113
2,8,60,12,v_1463,0.113
2,8,60,12,v_1464,0.113
2,8,60,12,v_1465,0.113
2,8,60,12,v_1466,0.113
2,8,60,12,v_1467,0.113
2,8,60,12,v_1468,0.113
2,8,60,12,v_1469,0.113
2,8,60,12,v_1470,0.113
2,8,60,12,v_1471,0.113
2,8,60,12,v_1472,0.113
2,8,60,12,v_1473,0.113
2,8,60,12,v_1474,0.113
4,16,120,12,v_1475,0.192
4,16,120,12,v_1476,0.192
4,16,120,12,v_1477,0.192
4,16,120,12,v_1478,0.192
4,16,120,12,v_1479,0.192
4,16,120,12,v_1480,0.192
4,16,120,12,v_1481,0.192
4,16,120,12,v_1482,0.192
4,16,120,12,v_1483,0.192
4,16,120,12,v_1484,0.192
4,16,120,12,v_1485,0.192
4,16,120,12,v_1486,0.192
4,16,120,12,v_1487,0.192
4,16,120,12,v_1488,0.192
4,16,120,12,v_1489,0.192
4,16,120,12,v_1490,0.192
4,16,120,12,v_1491,0.192
4,16,120,12,v_1492,0.192
4,16,120,12,v_1493,0.192
4,16,120,12,v_1494,0.192
4,16,120,12,v_1495,0.192
4,16,120,12,v_1496,0.192
4,16,120,12,v_1497,0.192
4,16,120,12,v_1498,0.192
4,16,120,12,v_1499,0.192
4,16,120,12,v_1500,0.192
4,16,120,12,v_1501,0.192
4,16,120,12,v_1502,0.192
4,16,120,12,v_1503,0.192
4,16,120,12,v_1504,0.192
4,16,120,12,v_1505,0.192
4,16,120,12,v_1506,0.192
4,16,120,12,v_1507,0.192
4,16,120,12,v_1508,0.192
4,16,120,12,v_1509,0.192
4,16,120,12,v_1510,0.192
4,16,120,12,v_1511,0.192
4,16,120,12,v_1512,0.192
4,16,120,12,v_1513,0.192
4,16,120,12,v_1514,0.192
4,16,120,12,v_1515,0.192
4,16,120,12,v_1516,0.192
4,16,120,12,v_1517,0.192
4,16,120,12,v_1518,0.192
4,16,120,12,v_1519,0.192
4,16,120,12,v_1520,0.192
4,16,120,12,v_1521,0.192
4,16,120,12,v_1522,0.192
4,16,120,12,v_1523,0.192
4,16,120,12,v_1524,0.192
4,16,120,12,v_1525,0.192
4,16,120,12,v_1526,0.192
4,16,120,12,v_1527,0.192
4,16,120,12,v_1528,0.192
4,16,120,12,v_1529,0.192
4,16,120,12,v_1530,0.192
4,16,120,12,v_1531,0.192
4,16,120,12,v_1532,0.192
4,16,120,12,v_1533,0.192
4,16,120,12,v_1534,0.192
4,16,120,12,v_1535,0.192
4,16,120,12,v_1536,0.192
4,16,120,12,v_1537,0.192
4,16,120,12,v_1538,0.192
4,16,120,12,v_1539,0.192
4,16,120,12,v_1540,0.192
4,16,120,12,v_1541,0.192
4,16,120,12,v_1542,0.192
4,16,120,12,v_1543,0.192
4,16,120,12,v_1544,0.192
4,16,120,12,v_1545,0.192
4,16,120,12,v_1546,0.192
4,16,120,12,v_1547,0.192
4,16,120,12,v_1548,0.192
4,16,120,12,v_1549,0.192
4,16,120,12,v_1550,0.192
4,16,120,12,v_1551,0.192
4,16,120,12,v_1552,0.192
4,16,120,12,v_1553,0.192
4,16,120,12,v_1554,0.192
4,16,120,12,v_1555,0.192
4,16,120,12,v_1556,0.192
4,16,120,12,v_1557,0.192
4,16,120,12,v_1558,0.192
4,16,120,12,v_1559,0.192
4,16,120,12,v_1560,0.192
4,16,120,12,v_1561,0.192
4,16,120,12,v_1562,0.192
4,16,120,12,v_1563,0.192
4,16,120,12,v_1564,0.192
4,16,120,12,v_1565,0.192
4,16,120,12,v_1566,0.192
4,16,120,12,v_1567,0.192
4,16,120,12,v_1568,0.192
4,16,120,12,v_1569,0.192
4,16,120,12,v_1570,0.192
4,16,120,12,v_1571,0.192
4,16,120,12,v_1572,0.192
4,16,120,12,v_1573,0.192
4,16,120,12,v_1574,0.192
4,16,120,12,v_1575,0.192
4,16,120,12,v_1576,0.192
4,16,120,12,v_1577,0.192
4,16,120,12,v_1578,0.192
4,16,120,12,v_1579,0.192
4,16,120,12,v_1580,0.192
4,16,120,12,v_1581,0.192
4,16,120,12,v_1582,0.192
4,16,120,12,v_1583,0.192
4,16,120,12,v_1584,0.192
4,16,120,12,v_1585,0.192
4,16,120,12,v_1586,0.192
4,16,120,12,v_1587,0.192
4,16,120,12,v_1588,0.192
4,16,120,12,v_1589,0.192
4,16,120,12,v_1590,0.192
4,16,120,12,v_1591,0.192
4,16,120,12,v_1592,0.192
4,16,120,12,v_1593,0.192
4,16,120,12,v_1594,0.192
4,16,120,12,v_1595,0.192
4,16,120,12,v_1596,0.192
4,16,120,12,v_1597,0.192
4,16,120,12,v_1598,0.192
4,16,120,12,v_1599,0.192
4,16,120,12,v_1600,0.192
4,16,120,12,v_1601,0.192
4,16,120,12,v_1602,0.192
4,16,120,12,v_1603,0.192
4,16,120,12,v_1604,0.192
4,16,120,12,v_1605,0.192
4,16,120,12,v_1606,0.192
4,16,120,12,v_1607,0.192
4,16,120,12,v_1608,0.192
4,16,120,12,v_1609,0.192
4,16,120,12,v_1610,0.192
4,16,120,12,v_1611,0.192
4,16,120,12,v_1612,0.192
4,16,120,12,v_1613,0.192
4,16,120,12,v_1614,0.192
4,16,120,12,v_1615,0.192
4,16,120,12,v_1616,0.192
4,16,120,12,v_1617,0.192
4,16,120,12,v_1618,0.192
4,16,120,12,v_1619,0.192
4,16,120,12,v_1620,0.192
4,16,120,12,v_1621,0.192
4,16,120,12,v_1622,0.192
4,16,120,12,v_1623,0.192
4,16,120,12,v_1624,0.192
4,16,120,12,v_1625,0.192
4,16,120,12,v_1626,0.192
4,16,120,12,v_1627,0.192
4,16,120,12,v_1628,0.192
4,16,120,12,v_1629,0.192
4,16,120,12,v_1630,0.192
4,16,120,12,v_1631,0.192
4,16,120,12,v_1632,0.192
4,16,120,12,v_1633,0.192
4,16,120,12,v_1634,0.192
4,16,120,12,v_1635,0.192
4,16,120,12,v_1636,0.192
4,16,120,12,v_1637,0.192
4,16,120,12,v_1638,0.192
4,16,120,12,v_1639,0.192
4,16,120,12,v_1640,0.192
4,16,120,12,v_1641,0.192
4,16,120,12,v_1642,0.192
4,16,120,12,v_1643,0.192
4,16,120,12,v_1644,0.192
4,16,120,12,v_1645,0.192
4,16,120,12,v_1646,0.192
4,16,120,12,v_1647,0.192
4,16,120,12,v_1648,0.192
4,16,120,12,v_1649,0.192
4,16,120,12,v_1650,0.192
4,16,120,12,v_1651,0.192
4,16,120,12,v_1652,0.192
4,16,120,12,v_1653,0.192
4,16,120,12,v_1654,0.192
4,16,120,12,v_1655,0.192
4,16,120,12,v_1656,0.192
4,16,120,12,v_1657,0.192
4,16,120,12,v_1658,0.192
4,16,120,12,v_1659,0.192
4,16,120,12,v_1660,0.192
4,16,120,12,v_1661,0.192
4,16,120,12,v_1662,0.192
4,16,120,12,v_1663,0.192
4,16,120,12,v_1664,0.192
4,16,120,12,v_1665,0.192
4,16,120,12,v_1666,0.192
4,16,120,12,v_1667,0.192
4,16,120,12,v_1668,0.192
4,16,120,12,v_1669,0.192
4,16,120,12,v_1670,0.192
4,16,120,12,v_1671,0.192
4,16,120,12,v_1672,0.192
4,16,120,12,v_1673,0.192
4,16,120,12,v_1674,0.192
4,16,120,12,v_1675,0.192
4,16,120,12,v_1676,0.192
4,16,120,12,v_1677,0.192
4,16,120,12,v_1678,0.192
4,16,120,12,v_1679,0.192
4,16,120,12,v_1680,0.192
4,16,120,12,v_1681,0.192
4,16,120,12,v_1682,0.192
4,16,120,12,v_1683,0.192
4,16,120,12,v_1684,0.192
4,16,120,12,v_1685,0.192
4,16,120,12,v_1686,0.192
4,16,120,12,v_1687,0.192
4,16,120,12,v_1688,0.192
4,16,120,12,v_1689,0.192
4,16,120,12,v_1690,0.192
4,16,120,12,v_1691,0.192
4,16,120,12,v_1692,0.192
4,16,120,12,v_1693,0.192
4,16,120,12,v_1694,0.192
4,16,120,12,v_1695,0.192
4,16,120,12,v_1696,0.192
4,16,120,12,v_1697,0.192
4,16,120,12,v_1698,0.192
4,16,120,12,v_1699,0.192
4,16,120,12,v_1700,0.192
4,16,120,12,v_1701,0.192
4,16,120,12,v_1702,0.192
4,16,120,12,v_1703,0.192
4,16,120,12,v_1704,0.192
4,16,120,12,v_1705,0.192
4,16,120,12,v_1706,0.192
4,16,120,12,v_1707,0.192
4,16,120,12,v_1708,0.192
4,16,120,12,v_1709,0.192
4,16,120,12,v_1710,0.192
4,16,120,12,v_1711,0.192
4,16,120,12,v_1712,0.192
4,16,120,12,v_1713,0.192
4,16,120,12,v_1714,0.192
4,16,120,12,v_1715,0.192
4,16,120,12,v_1716,0.192
4,16,120,12,v_1717,0.192
4,16,120,12,v_1718,0.192
4,16,120,12,v_1719,0.192
4,16,120,12,v_1720,0.192
4,16,120,12,v_1721,0.192
4,16,120,12,v_1722,0.192
4,16,120,12,v_1723,0.192
4,16,120,12,v_1724,0.192
4,16,120,12,v_1725,0.192
4,16,120,12,v_1726,0.192
4,16,120,12,v_1727,0.192
4,16,120,12,v_1728,0.192
4,16,120,12,v_1729,0.192
4,16,120,12,v_1730,0.192
4,16,120,12,v_1731,0.192
4,16,120,12,v_1732,0.192
4,16,120,12,v_1733,0.192
4,16,120,12,v_1734,0.192
4,16,120,12,v_1735,0.192
4,16,120,12,v_1736,0.192
4,16,120,12,v_1737,0.192
4,16,120,12,v_1738,0.192
4,16,120,12,v_1739,0.192
4,16,120,12,v_1740,0.192
4,16,120,12,v_1741,0.192
4,16,120,12,v_1742,0.192
4,16,120,12,v_1743,0.192
4,16,120,12,v_1744,0.192
4,16,120,12,v_1745,0.192
4,16,120,12,v_1746,0.192
4,16,120,12,v_1747,0.192
4,16,120,12,v_1748,0.192
4,16,120,12,v_1749,0.192
4,16,120,12,v_1750,0.192
4,16,120,12,v_1751,0.192
4,16,120,12,v_1752,0.192
4,16,120,12,v_1753,0.192
4,16,120,12,v_1754,0.192
4,16,120,12,v_1755,0.192
4,16,120,12,v_1756,0.192
4,16,120,12,v_1757,0.192
4,16,120,12,v_1758,0.192
4,16,120,12,v_1759,0.192
4,16,120,12,v_1760,0.192
4,16,120,12,v_1761,0.192
4,16,120,12,v_1762,0.192
4,16,120,12,v_1763,0.192
4,16,120,12,v_1764,0.192
4,16,120,12,v_1765,0.192
4,16,120,12,v_1766,0.192
4,16,120,12,v_1767,0.192
4,16,120,12,v_1768,0.192
4,16,120,12,v_1769,0.192
4,16,120,12,v_1770,0.192
4,16,120,12,v_1771,0.192
4,16,120,12,v_1772,0.192
4,16,120,12,v_1773,0.192
4,16,120,12,v_1774,0.192
4,16,120,12,v_1775,0.192
4,16,120,12,v_1776,0.192
4,16,120,12,v_1777,0.192
4,16,120,12,v_1778,0.192
4,16,120,12,v_1779,0.192
4,16,120,12,v_1780,0.192
4,16,120,12,v_1781,0.192
4,16,120,12,v_1782,0.192
4,16,120,12,v_1783,0.192
4,16,120,12,v_1784,0.192
4,16,120,12,v_1785,0.192
4,16,120,12,v_1786,0.192
4,16,120,12,v_1787,0.192
4,16,120,12,v_1788,0.192
4,16,120,12,v_1789,0.192
4,16,120,12,v_1790,0.192
4,16,120,12,v_1791,0.192
4,16,120,12,v_1792,0.192
4,16,120,12,v_1793,0.192
4,16,120,12,v_1794,0.192
4,16,120,12,v_1795,0.192
4,16,120,12,v_1796,0.192
4,16,120,12,v_1797,0.192
4,16,120,12,v_1798,0.192
4,16,120,12,v_1799,0.192
4,16,120,12,v_1800,0.192
4,16,120,12,v_1801,0.192
4,16,120,12,v_1802,0.192
4,16,120,12,v_1803,0.192
4,16,120,12,v_1804,0.192
4,16,120,12,v_1805,0.192
4,16,120,12,v_1806,0.192
4,16,120,12,v_1807,0.192
4,16,120,12,v_1808,0.192
4,16,120,12,v_1809,0.192
4,16,120,12,v_1810,0.192
4,16,120,12,v_1811,0.192
4,16,120,12,v_1812,0.192
4,16,120,12,v_1813,0.192
4,16,120,12,v_1814,0.192
4,16,120,12,v_1815,0.192
4,16,120,12,v_1816,0.192
4,16,120,12,v_1817,0.192
4,16,120,12,v_1818,0.192
4,16,120,12,v_1819,0.192
4,16,120,12,v_1820,0.192
4,16,120,12,v_1821,0.192
4,16,120,12,v_1822,0.192
4,16,120,12,v_1823,0.192
4,16,120,12,v_1824,0.192
4,16,120,12,v_1825,0.192
4,16,120,12,v_1826,0.192
4,16,120,12,v_1827,0.192
4,16,120,12,v_1828,0.192
4,16,120,12,v_1829,0.192
4,16,120,12,v_1830,0.192
4,16,120,12,v_1831,0.192
4,16,120,12,v_1832,0.192
4,16,120,12,v_1833,0.192
4,16,120,12,v_1834,0.192
4,16,120,12,v_1835,0.192
4,16,120,12,v_1836,0.192
4,16,120,12,v_1837,0.192
4,16,120,12,v_1838,0.192
4,16,120,12,v_1839,0.192
4,16,120,12,v_1840,0.192
4,16,120,12,v_1841,0.192
4,16,120,12,v_1842,0.192
4,16,120,12,v_1843,0.192
4,16,120,12,v_1844,0.192
4,16,120,12,v_1845,0.192
4,16,120,12,v_1846,0.192
4,16,120,12,v_1847,0.192
4,16,120,12,v_1848,0.192
4,16,120,12,v_1849,0.192
4,16,120,12,v_1850,0.192
4,16,120,12,v_1851,0.192
4,16,120,12,v_1852,0.192
4,16,120,12,v_1853,0.192
4,16,120,12,v_1854,0.192
4,16,120,12,v_1855,0.192
4,16,120,12,v_1856,0.192
4,16,120,12,v_1857,0.192
4,16,120,12,v_1858,0.192
4,16,120,12,v_1859,0.192
4,16,120,12,v_1860,0.192
4,16,120,12,v_1861,0.192
4,16,120,12,v_1862,0.192
4,16,120,12,v_1863,0.192
4,16,120,12,v_1864,0.192
4,16,120,12,v_1865,0.192
4,16,120,12,v_1866,0.192
4,16,120,12,v_1867,0.192
4,16,120,12,v_1868,0.192
4,16,120,12,v_1869,0.192
4,16,120,12,v_1870,0.192
4,16,120,12,v_1871,0.192
4,16,120,12,v_1872,0.192
4,16,120,12,v_1873,0.192
4,16,120,12,v_1874,0.192
4,16,120,12,v_1875,0.192
4,16,120,12,v_1876,0.192
4,16,120,12,v_1877,0.192
4,16,120,12,v_1878,0.192
4,16,120,12,v_1879,0.192
4,16,120,12,v_1880,0.192
4,16,120,12,v_1881,0.192
4,16,120,12,v_1882,0.192
4,16,120,12,v_1883,0.192
4,16,120,12,v_1884,0.192
4,16,120,12,v_1885,0.192
4,16,120,12,v_1886,0.192
4,16,120,12,v_1887,0.192
4,16,120,12,v_1888,0.192
4,16,120,12,v_1889,0.192
4,16,120,12,v_1890,0.192
4,16,120,12,v_1891,0.192
4,16,120,12,v_1892,0.192
4,16,120,12,v_1893,0.192
4,16,120,12,v_1894,0.192
4,16,120,12,v_1895,0.192
4,16,120,12,v_1896,0.192
4,16,120,12,v_1897,0.192
4,16,120,12,v_1898,0.192
4,16,120,12,v_1899,0.192
4,16,120,12,v_1900,0.192
4,16,120,12,v_1901,0.192
4,16,120,12,v_1902,0.192
4,16,120,12,v_1903,0.192
4,16,120,12,v_1904,0.192
4,16,120,12,v_1905,0.192
4,16,120,12,v_1906,0.192
4,16,120,12,v_1907,0.192
4,16,120,12,v_1908,0.192
4,16,120,12,v_1909,0.192
4,16,120,12,v_1910,0.192
4,16,120,12,v_1911,0.192
4,16,120,12,v_1912,0.192
4,16,120,12,v_1913,0.192
4,16,120,12,v_1914,0.192
4,16,120,12,v_1915,0.192
4,16,120,12,v_1916,0.192
4,16,120,12,v_1917,0.192
4,16,120,12,v_1918,0.192
4,16,120,12,v_1919,0.192
4,16,120,12,v_1920,0.192
4,16,120,12,v_1921,0.192
4,16,120,12,v_1922,0.192
4,16,120,12,v_1923,0.192
4,16,120,12,v_1924,0.192
4,16,120,12,v_1925,0.192
4,16,120,12,v_1926,0.192
4,16,120,12,v_1927,0.192
4,16,120,12,v_1928,0.192
4,16,120,12,v_1929,0.192
4,16,120,12,v_1930,0.192
4,16,120,12,v_1931,0.192
4,16,120,12,v_1932,0.192
4,16,120,12,v_1933,0.192
4,16,120,12,v_1934,0.192
4,16,120,12,v_1935,0.192
4,16,120,12,v_1936,0.192
4,16,120,12,v_1937,0.192
4,16,120,12,v_1938,0.192
4,16,120,12,v_1939,0.192
4,16,120,12,v_1940,0.192
4,16,120,12,v_1941,0.192
4,16,120,12,v_1942,0.192
4,16,120,12,v_1943,0.192
4,16,120,12,v_1944,0.192
4,16,120,12,v_1945,0.192
4,16,120,12,v_1946,0.192
4,16,120,12,v_1947,0.192
4,16,120,12,v_1948,0.192
4,16,120,12,v_1949,0.192
4,16,120,12,v_1950,0.192
4,16,120,12,v_1951,0.192
4,16,120,12,v_1952,0.192
4,16,120,12,v_1953,0.192
4,16,120,12,v_1954,0.192
4,16,120,12,v_1955,0.192
4,16,120,12,v_1956,0.192
4,16,120,12,v_1957,0.192
4,16,120,12,v_1958,0.192
4,16,120,12,v_1959,0.192
4,16,120,12,v_1960,0.192
4,16,120,12,v_1961,0.192
4,16,120,12,v_1962,0.192
4,16,120,12,v_1963,0.192
4,16,120,12,v_1964,0.192
4,16,120,12,v_1965,0.192
4,16,120,12,v_1966,0.192
4,16,120,12,v_1967,0.192
4,16,120,12,v_1968,0.192
4,16,120,12,v_1969,0.192
4,16,120,12,v_1970,0.192
4,16,120,12,v_1971,0.192
4,16,120,12,v_1972,0.192
4,16,120,12,v_1973,0.192
4,16,120,12,v_1974,0.192
4,16,120,12,v_1975,0.192
4,16,120,12,v_1976,0.192
4,16,120,12,v_1977,0.192
4,16,120,12,v_1978,0.192
4,16,120,12,v_1979,0.192
4,16,120,12,v_1980,0.192
4,16,120,12,v_1981,0.192
4,16,120,12,v_1982,0.192
4,16,120,12,v_1983,0.192
4,16,120,12,v_1984,0.192
4,16,120,12,v_1985,0.192
4,16,120,12,v_1986,0.192
4,16,120,12,v_1987,0.192
4,16,120,12,v_1988,0.192
4,16,120,12,v_1989,0.192
4,16,120,12,v_1990,0.192
4,16,120,12,v_1991,0.192
4,16,120,12,v_1992,0.192
4,16,120,12,v_1993,0.192
4,16,120,12,v_1994,0.192
4,16,120,12,v_1995,0.192
4,16,120,12,v_1996,0.192
4,16,120,12,v_1997,0.192
4,16,120,12,v_1998,0.192
4,16,120,12,v_1999,0.192
4,16,120,12,v_2000,0.192
4,16,120,12,v_2001,0.192
4,16,120,12,v_2002,0.192
4,16,120,12,v_2003,0.192
4,16,120,12,v_2004,0.192
4,16,120,12,v_2005,0.192
4,16,120,12,v_2006,0.192
4,16,120,12,v_2007,0.192
4,16,120,12,v_2008,0.192
4,16,120,12,v_2009,0.192
4,16,120,12,v_2010,0.192
4,16,120,12,v_2011,0.192
4,16,120,12,v_2012,0.192
4,16,120,12,v_2013,0.192
4,16,120,12,v_2014,0.192
4,16,120,12,v_2015,0.192
4,16,120,12,v_2016,0.192
4,16,120,12,v_2017,0.192
4,16,120,12,v_2018,0.192
4,16,120,12,v_2019,0.192
4,16,120,12,v_2020,0.192
4,16,120,12,v_2021,0.192
4,16,120,12,v_2022,0.192
4,16,120,12,v_2023,0.192
4,16,120,12,v_2024,0.192
4,16,120,12,v_2025,0.192
4,16,120,12,v_2026,0.192
4,16,120,12,v_2027,0.192
4,16,120,12,v_2028,0.192
4,16,120,12,v_2029,0.192
4,16,120,12,v_2030,0.192
4,16,120,12,v_2031,0.192
4,16,120,12,v_2032,0.192
4,16,120,12,v_2033,0.192
4,16,120,12,v_2034,0.192
4,16,120,12,v_2035,0.192
4,16,120,12,v_2036,0.192
4,16,120,12,v_2037,0.192
4,16,120,12,v_2038,0.192
4,16,120,12,v_2039,0.192
4,16,120,12,v_2040,0.192
4,16,120,12,v_2041,0.192
4,16,120,12,v_2042,0.192
4,16,120,12,v_2043,0.192
4,16,120,12,v_2044,0.192
4,16,120,12,v_2045,0.192
4,16,120,12,v_2046,0.192
4,16,120,12,v_2047,0.192
4,16,120,12,v_2048,0.192
4,16,120,12,v_2049,0.192
4,16,120,12,v_2050,0.192
4,16,120,12,v_2051,0.192
4,16,120,12,v_2052,0.192
4,16,120,12,v_2053,0.192
4,16,120,12,v_2054,0.192
4,16,120,12,v_2055,0.192
4,16,120,12,v_2056,0.192
4,16,120,12,v_2057,0.192
4,16,120,12,v_2058,0.192
4,16,120,12,v_2059,0.192
4,16,120,12,v_2060,0.192
4,16,120,12,v_2061,0.192
4,16,120,12,v_2062,0.192
4,16,120,12,v_2063,0.192
4,16,120,12,v_2064,0.192
4,16,120,12,v_2065,0.192
4,16,120,12,v_2066,0.192
4,16,120,12,v_2067,0.192
4,16,120,12,v_2068,0.192
4,16,120,12,v_2069,0.192
4,16,120,12,v_2070,0.192
4,16,120,12,v_2071,0.192
4,16,120,12,v_2072,0.192
4,16,120,12,v_2073,0.192
4,16,120,12,v_2074,0.192
4,16,120,12,v_2075,0.192
4,16,120,12,v_2076,0.192
4,16,120,12,v_2077,0.192
4,16,120,12,v_2078,0.192
4,16,120,12,v_2079,0.192
4,16,120,12,v_2080,0.192
4,16,120,12,v_2081,0.192
4,16,120,12,v_2082,0.192
4,16,120,12,v_2083,0.192
4,16,120,12,v_2084,0.192
4,16,120,12,v_2085,0.192
4,16,120,12,v_2086,0.192
4,16,120,12,v_2087,0.192
4,16,120,12,v_2088,0.192
4,16,120,12,v_2089,0.192
4,16,120,12,v_2090,0.192
4,16,120,12,v_2091,0.192
4,16,120,12,v_2092,0.192
4,16,120,12,v_2093,0.192
4,16,120,12,v_2094,0.192
4,16,120,12,v_2095,0.192
4,16,120,12,v_2096,0.192
4,16,120,12,v_2097,0.192
4,16,120,12,v_2098,0.192
4,16,120,12,v_2099,0.192
4,16,120,12,v_2100,0.192
4,16,120,12,v_2101,0.192
4,16,120,12,v_2102,0.192
4,16,120,12,v_2103,0.192
4,16,120,12,v_2104,0.192
4,16,120,12,v_2105,0.192
4,16,120,12,v_2106,0.192
4,16,120,12,v_2107,0.192
4,16,120,12,v_2108,0.192
4,16,120,12,v_2109,0.192
4,16,120,12,v_2110,0.192
4,16,120,12,v_2111,0.192
4,16,120,12,v_2112,0.192
4,16,120,12,v_2113,0.192
4,16,120,12,v_2114,0.192
4,16,120,12,v_2115,0.192
4,16,120,12,v_2116,0.192
4,16,120,12,v_2117,0.192
4,16,120,12,v_2118,0.192
4,16,120,12,v_2119,0.192
4,16,120,12,v_2120,0.192
4,16,120,12,v_2121,0.192
4,16,120,12,v_2122,0.192
4,16,120,12,v_2123,0.192
4,16,120,12,v_2124,0.192
4,16,120,12,v_2125,0.192
4,16,120,12,v_2126,0.192
4,16,120,12,v_2127,0.192
4,16,120,12,v_2128,0.192
4,16,120,12,v_2129,0.192
4,16,120,12,v_2130,0.192
4,16,120,12,v_2131,0.192
4,16,120,12,v_2132,0.192
4,16,120,12,v_2133,0.192
4,16,120,12,v_2134,0.192
4,16,120,12,v_2135,0.192
4,16,120,12,v_2136,0.192
4,16,120,12,v_2137,0.192
4,16,120,12,v_2138,0.192
4,16,120,12,v_2139,0.192
4,16,120,12,v_2140,0.192
4,16,120,12,v_2141,0.192
4,16,120,12,v_2142,0.192
4,16,120,12,v_2143,0.192
4,16,120,12,v_2144,0.192
4,16,120,12,v_2145,0.192
4,16,120,12,v_2146,0.192
4,16,120,12,v_2147,0.192
4,16,120,12,v_2148,0.192
4,16,120,12,v_2149,0.192
4,16,120,12,v_2150,0.192
4,16,120,12,v_2151,0.192
4,16,120,12,v_2152,0.192
4,16,120,12,v_2153,0.192
4,16,120,12,v_2154,0.192
4,16,120,12,v_2155,0.192
4,16,120,12,v_2156,0.192
4,16,120,12,v_2157,0.192
4,16,120,12,v_2158,0.192
4,16,120,12,v_2159,0.192
4,16,120,12,v_2160,0.192
4,16,120,12,v_2161,0.192
4,16,120,12,v_2162,0.192
4,16,120,12,v_2163,0.192
4,16,120,12,v_2164,0.192
4,16,120,12,v_2165,0.192
4,16,120,12,v_2166,0.192
4,16,120,12,v_2167,0.192
4,16,120,12,v_2168,0.192
4,16,120,12,v_2169,0.192
4,16,120,12,v_2170,0.192
4,16,120,12,v_2171,0.192
4,16,120,12,v_2172,0.192
4,16,120,12,v_2173,0.192
4,16,120,12,v_2174,0.192
4,16,120,12,v_2175,0.192
4,16,120,12,v_2176,0.192
4,16,120,12,v_2177,0.192
4,16,120,12,v_2178,0.192
4,16,120,12,v_2179,0.192
4,16,120,12,v_2180,0.192
4,16,120,12,v_2181,0.192
4,16,120,12,v_2182,0.192
4,16,120,12,v_2183,0.192
4,16,120,12,v_2184,0.192
4,16,120,12,v_2185,0.192
4,16,120,12,v_2186,0.192
4,16,120,12,v_2187,0.192
4,16,120,12,v_2188,0.192
4,16,120,12,v_2189,0.192
4,16,120,12,v_2190,0.192
4,16,120,12,v_2191,0.192
4,16,120,12,v_2192,0.192
4,16,120,12,v_2193,0.192
4,16,120,12,v_2194,0.192
4,16,120,12,v_2195,0.192
4,16,120,12,v_2196,0.192
4,16,120,12,v_2197,0.192
4,16,120,12,v_2198,0.192
4,16,120,12,v_2199,0.192
4,16,120,12,v_2200,0.192
4,16,120,12,v_2201,0.192
4,16,120,12,v_2202,0.192
4,16,120,12,v_2203,0.192
4,16,120,12,v_2204,0.192
4,16,120,12,v_2205,0.192
4,16,120,12,v_2206,0.192
4,16,120,12,v_2207,0.192
4,16,120,12,v_2208,0.192
4,16,120,12,v_2209,0.192
4,16,120,12,v_2210,0.192
4,16,120,12,v_2211,0.192
8,32,240,20,v_2212,0.326
8,32,240,20,v_2213,0.326
8,32,240,20,v_2214,0.326
8,32,240,20,v_2215,0.326
8,32,240,20,v_2216,0.326
8,32,240,20,v_2217,0.326
8,32,240,20,v_2218,0.326
8,32,240,20,v_2219,0.326
8,32,240,20,v_2220,0.326
8,32,240,20,v_2221,0.326
8,32,240,20,v_2222,0.326
8,32,240,20,v_2223,0.326
8,32,240,20,v_2224,0.326
8,32,240,20,v_2225,0.326
8,32,240,20,v_2226,0.326
8,32,240,20,v_2227,0.326
8,32,240,20,v_2228,0.326
8,32,240,20,v_2229,0.326
8,32,240,20,v_2230,0.326
8,32,240,20,v_2231,0.326
8,32,240,20,v_2232,0.326
8,32,240,20,v_2233,0.326
8,32,240,20,v_2234,0.326
8,32,240,20,v_2235,0.326
8,32,240,20,v_2236,0.326
8,32,240,20,v_2237,0.326
8,32,240,20,v_2238,0.326
8,32,240,20,v_2239,0.326
8,32,240,20,v_2240,0.326
8,32,240,20,v_2241,0.326
8,32,240,20,v_2242,0.326
8,32,240,20,v_2243,0.326
8,32,240,20,v_2244,0.326
8,32,240,20,v_2245,0.326
8,32,240,20,v_2246,0.326
8,32,240,20,v_2247,0.326
8,32,240,20,v_2248,0.326
8,32,240,20,v_2249,0.326
8,32,240,20,v_2250,0.326
8,32,240,20,v_2251,0.326
8,32,240,20,v_2252,0.326
8,32,240,20,v_2253,0.326
8,32,240,20,v_2254,0.326
8,32,240,20,v_2255,0.326
8,32,240,20,v_2256,0.326
8,32,240,20,v_2257,0.326
8,32,240,20,v_2258,0.326
8,32,240,20,v_2259,0.326
8,32,240,20,v_2260,0.326
8,32,240,20,v_2261,0.326
8,32,240,20,v_2262,0.326
8,32,240,20,v_2263,0.326
8,32,240,20,v_2264,0.326
8,32,240,20,v_2265,0.326
8,32,240,20,v_2266,0.326
8,32,240,20,v_2267,0.326
8,32,240,20,v_2268,0.326
8,32,240,20,v_2269,0.326
8,32,240,20,v_2270,0.326
8,32,240,20,v_2271,0.326
8,32,240,20,v_2272,0.326
8,32,240,20,v_2273,0.326
8,32,240,20,v_2274,0.326
8,32,240,20,v_2275,0.326
8,32,240,20,v_2276,0.326
8,32,240,20,v_2277,0.326
8,32,240,20,v_2278,0.326
8,32,240,20,v_2279,0.326
8,32,240,20,v_2280,0.326
8,32,240,20,v_2281,0.326
8,32,240,20,v_2282,0.326
8,32,240,20,v_2283,0.326
8,32,240,20,v_2284,0.326
8,32,240,20,v_2285,0.326
8,32,240,20,v_2286,0.326
8,32,240,20,v_2287,0.326
8,32,240,20,v_2288,0.326
8,32,240,20,v_2289,0.326
8,32,240,20,v_2290,0.326
8,32,240,20,v_2291,0.326
8,32,240,20,v_2292,0.326
8,32,240,20,v_2293,0.326
8,32,240,20,v_2294,0.326
8,32,240,20,v_2295,0.326
8,32,240,20,v_2296,0.326
8,32,240,20,v_2297,0.326
8,32,240,20,v_2298,0.326
8,32,240,20,v_2299,0.326
8,32,240,20,v_2300,0.326
8,32,240,20,v_2301,0.326
8,32,240,20,v_2302,0.326
8,32,240,20,v_2303,0.326
8,32,240,20,v_2304,0.326
8,32,240,20,v_2305,0.326
8,32,240,20,v_2306,0.326
8,32,240,20,v_2307,0.326
8,32,240,20,v_2308,0.326
8,32,240,20,v_2309,0.326
8,32,240,20,v_2310,0.326
8,32,240,20,v_2311,0.326
8,32,240,20,v_2312,0.326
8,32,240,20,v_2313,0.326
8,32,240,20,v_2314,0.326
8,32,240,20,v_2315,0.326
8,32,240,20,v_2316,0.326
8,32,240,20,v_2317,0.326
8,32,240,20,v_2318,0.326
8,32,240,20,v_2319,0.326
8,32,240,20,v_2320,0.326
8,32,240,20,v_2321,0.326
8,32,240,20,v_2322,0.326
8,32,240,20,v_2323,0.326
8,32,240,20,v_2324,0.326
8,32,240,20,v_2325,0.326
8,32,240,20,v_2326,0.326
8,32,240,20,v_2327,0.326
8,32,240,20,v_2328,0.326
8,32,240,20,v_2329,0.326
8,32,240,20,v_2330,0.326
8,32,240,20,v_2331,0.326
8,32,240,20,v_2332,0.326
8,32,240,20,v_2333,0.326
8,32,240,20,v_2334,0.326
8,32,240,20,v_2335,0.326
8,32,240,20,v_2336,0.326
8,32,240,20,v_2337,0.326
8,32,240,20,v_2338,0.326
8,32,240,20,v_2339,0.326
8,32,240,20,v_2340,0.326
8,32,240,20,v_2341,0.326
8,32,240,20,v_2342,0.326
8,32,240,20,v_2343,0.326
8,32,240,20,v_2344,0.326
8,32,240,20,v_2345,0.326
8,32,240,20,v_2346,0.326
8,32,240,20,v_2347,0.326
8,32,240,20,v_2348,0.326
8,32,240,20,v_2349,0.326
8,32,240,20,v_2350,0.326
8,32,240,20,v_2351,0.326
8,32,240,20,v_2352,0.326
8,32,240,20,v_2353,0.326
8,32,240,20,v_2354,0.326
8,32,240,20,v_2355,0.326
8,32,240,20,v_2356,0.326
8,32,240,20,v_2357,0.326
8,32,240,20,v_2358,0.326
8,32,240,20,v_2359,0.326
8,32,240,20,v_2360,0.326
8,32,240,20,v_2361,0.326
8,32,240,20,v_2362,0.326
8,32,240,20,v_2363,0.326
8,32,240,20,v_2364,0.326
8,32,240,20,v_2365,0.326
8,32,240,20,v_2366,0.326
8,32,240,20,v_2367,0.326
8,32,240,20,v_2368,0.326
8,32,240,20,v_2369,0.326
8,32,240,20,v_2370,0.326
8,32,240,20,v_2371,0.326
8,32,240,20,v_2372,0.326
8,32,240,20,v_2373,0.326
8,32,240,20,v_2374,0.326
8,32,240,20,v_2375,0.326
8,32,240,20,v_2376,0.326
8,32,240,20,v_2377,0.326
8,32,240,20,v_2378,0.326
8,32,240,20,v_2379,0.326
8,32,240,20,v_2380,0.326
8,32,240,20,v_2381,0.326
8,32,240,20,v_2382,0.326
8,32,240,20,v_2383,0.326
8,32,240,20,v_2384,0.326
8,32,240,20,v_2385,0.326
8,32,240,20,v_2386,0.326
8,32,240,20,v_2387,0.326
8,32,240,20,v_2388,0.326
8,32,240,20,v_2389,0.326
8,32,240,20,v_2390,0.326
8,32,240,20,v_2391,0.326
8,32,240,20,v_2392,0.326
8,32,240,20,v_2393,0.326
8,32,240,20,v_2394,0.326
8,32,240,20,v_2395,0.326
8,32,240,20,v_2396,0.326
8,32,240,20,v_2397,0.326
8,32,240,20,v_2398,0.326
8,32,240,20,v_2399,0.326
8,32,240,20,v_2400,0.326
8,32,240,20,v_2401,0.326
8,32,240,20,v_2402,0.326
8,32,240,20,v_2403,0.326
8,32,240,20,v_2404,0.326
8,32,240,20,v_2405,0.326
8,32,240,20,v_2406,0.326
8,32,240,20,v_2407,0.326
8,32,240,20,v_2408,0.326
8,32,240,20,v_2409,0.326
8,32,240,20,v_2410,0.326
8,32,240,20,v_2411,0.326
8,32,240,20,v_2412,0.326
8,32,240,20,v_2413,0.326
8,32,240,20,v_2414,0.326
8,32,240,20,v_2415,0.326
8,32,240,20,v_2416,0.326
8,32,240,20,v_2417,0.326
8,32,240,20,v_2418,0.326
8,32,240,20,v_2419,0.326
8,32,240,20,v_2420,0.326
8,32,240,20,v_2421,0.326
8,32,240,20,v_2422,0.326
8,32,240,20,v_2423,0.326
8,32,240,20,v_2424,0.326
8,32,240,20,v_2425,0.326
8,32,240,20,v_2426,0.326
8,32,240,20,v_2427,0.326
8,32,240,20,v_2428,0.326
8,32,240,20,v_2429,0.326
8,32,240,20,v_2430,0.326
8,32,240,20,v_2431,0.326
8,32,240,20,v_2432,0.326
8,32,240,20,v_2433,0.326
8,32,240,20,v_2434,0.326
8,32,240,20,v_2435,0.326
8,32,240,20,v_2436,0.326
8,32,240,20,v_2437,0.326
8,32,240,20,v_2438,0.326
8,32,240,20,v_2439,0.326
8,32,240,20,v_2440,0.326
8,32,240,20,v_2441,0.326
8,32,240,20,v_2442,0.326
8,32,240,20,v_2443,0.326
8,32,240,20,v_2444,0.326
8,32,240,20,v_2445,0.326
8,32,240,20,v_2446,0.326
8,32,240,20,v_2447,0.326
8,32,240,20,v_2448,0.326
8,32,240,20,v_2449,0.326
8,32,240,20,v_2450,0.326
8,32,240,20,v_2451,0.326
8,32,240,20,v_2452,0.326
8,32,240,20,v_2453,0.326
8,32,240,20,v_2454,0.326
8,32,240,20,v_2455,0.326
8,32,240,20,v_2456,0.326
8,32,240,20,v_2457,0.326
8,32,240,20,v_2458,0.326
8,32,240,20,v_2459,0.326
8,32,240,20,v_2460,0.326
8,32,240,20,v_2461,0.326
8,32,240,20,v_2462,0.326
8,32,240,20,v_2463,0.326
8,32,240,20,v_2464,0.326
8,32,240,20,v_2465,0.326
8,32,240,20,v_2466,0.326
8,32,240,20,v_2467,0.326
8,32,240,20,v_2468,0.326
8,32,240,20,v_2469,0.326
8,32,240,20,v_2470,0.326
8,32,240,20,v_2471,0.326
8,32,240,20,v_2472,0.326
8,32,240,20,v_2473,0.326
8,32,240,20,v_2474,0.326
8,32,240,20,v_2475,0.326
8,32,240,20,v_2476,0.326
8,32,240,20,v_2477,0.326
8,32,240,20,v_2478,0.326
8,32,240,20,v_2479,0.326
8,32,240,20,v_2480,0.326
8,32,240,20,v_2481,0.326
8,32,240,20,v_2482,0.326
8,32,240,20,v_2483,0.326
8,32,240,20,v_2484,0.326
8,32,240,20,v_2485,0.326
8,32,240,20,v_2486,0.326
8,32,240,20,v_2487,0.326
8,32,240,20,v_2488,0.326
8,32,240,20,v_2489,0.326
8,32,240,20,v_2490,0.326
8,32,240,20,v_2491,0.326
8,32,240,20,v_2492,0.326
8,32,240,20,v_2493,0.326
8,32,240,20,v_2494,0.326
8,32,240,20,v_2495,0.326
8,32,240,20,v_2496,0.326
8,32,240,20,v_2497,0.326
8,32,240,20,v_2498,0.326
8,32,240,20,v_2499,0.326
8,32,240,20,v_2500,0.326
8,32,240,20,v_2501,0.326
8,32,240,20,v_2502,0.326
8,32,240,20,v_2503,0.326
8,32,240,20,v_2504,0.326
8,32,240,20,v_2505,0.326
8,32,240,20,v_2506,0.326
8,32,240,20,v_2507,0.326
8,32,240,20,v_2508,0.326
8,32,240,20,v_2509,0.326
8,32,240,20,v_2510,0.326
8,32,240,20,v_2511,0.326
8,32,240,20,v_2512,0.326
8,32,240,20,v_2513,0.326
8,32,240,20,v_2514,0.326
8,32,240,20,v_2515,0.326
8,32,240,20,v_2516,0.326
8,32,240,20,v_2517,0.326
8,32,240,20,v_2518,0.326
8,32,240,20,v_2519,0.326
8,32,240,20,v_2520,0.326
8,32,240,20,v_2521,0.326
8,32,240,20,v_2522,0.326
8,32,240,20,v_2523,0.326
8,32,240,20,v_2524,0.326
8,32,240,20,v_2525,0.326
8,32,240,20,v_2526,0.326
8,32,240,20,v_2527,0.326
8,32,240,20,v_2528,0.326
8,32,240,20,v_2529,0.326
8,32,240,20,v_2530,0.326
8,32,240,20,v_2531,0.326
8,32,240,20,v_2532,0.326
8,32,240,20,v_2533,0.326
8,32,240,20,v_2534,0.326
8,32,240,20,v_2535,0.326
8,32,240,20,v_2536,0.326
8,32,240,20,v_2537,0.326
8,32,240,20,v_2538,0.326
8,32,240,20,v_2539,0.326
8,32,240,20,v_2540,0.326
8,32,240,20,v_2541,0.326
8,32,240,20,v_2542,0.326
8,32,240,20,v_2543,0.326
8,32,240,20,v_2544,0.326
8,32,240,20,v_2545,0.326
8,32,240,20,v_2546,0.326
8,32,240,20,v_2547,0.326
8,32,240,20,v_2548,0.326
8,32,240,20,v_2549,0.326
8,32,240,20,v_2550,0.326
8,32,240,20,v_2551,0.326
8,32,240,20,v_2552,0.326
8,32,240,20,v_2553,0.326
8,32,240,20,v_2554,0.326
8,32,240,20,v_2555,0.326
8,32,240,20,v_2556,0.326
8,32,240,20,v_2557,0.326
8,32,240,20,v_2558,0.326
8,32,240,20,v_2559,0.326
8,32,240,20,v_2560,0.326
8,32,240,20,v_2561,0.326
8,32,240,20,v_2562,0.326
8,32,240,20,v_2563,0.326
8,32,240,20,v_2564,0.326
8,32,240,20,v_2565,0.326
8,32,240,20,v_2566,0.326
8,32,240,20,v_2567,0.326
8,32,240,20,v_2568,0.326
8,32,240,20,v_2569,0.326
8,32,240,20,v_2570,0.326
8,32,240,20,v_2571,0.326
8,32,240,20,v_2572,0.326
8,32,240,20,v_2573,0.326
8,32,240,20,v_2574,0.326
8,32,240,20,v_2575,0.326
8,32,240,20,v_2576,0.326
8,32,240,20,v_2577,0.326
8,32,240,20,v_2578,0.326
8,32,240,20,v_2579,0.326
16,64,480,20,v_2580,0.653
16,64,480,20,v_2581,0.653
16,64,480,20,v_2582,0.653
16,64,480,20,v_2583,0.653
16,64,480,20,v_2584,0.653
16,64,480,20,v_2585,0.653
16,64,480,20,v_2586,0.653
16,64,480,20,v_2587,0.653
16,64,480,20,v_2588,0.653
16,64,480,20,v_2589,0.653
16,64,480,20,v_2590,0.653
16,64,480,20,v_2591,0.653
16,64,480,20,v_2592,0.653
16,64,480,20,v_2593,0.653
16,64,480,20,v_2594,0.653
16,64,480,20,v_2595,0.653
16,64,480,20,v_2596,0.653
16,64,480,20,v_2597,0.653
16,64,480,20,v_2598,0.653
16,64,480,20,v_2599,0.653
16,64,480,20,v_2600,0.653
16,64,480,20,v_2601,0.653
16,64,480,20,v_2602,0.653
16,64,480,20,v_2603,0.653
16,64,480,20,v_2604,0.653
16,64,480,20,v_2605,0.653
16,64,480,20,v_2606,0.653
16,64,480,20,v_2607,0.653
16,64,480,20,v_2608,0.653
16,64,480,20,v_2609,0.653
16,64,480,20,v_2610,0.653
16,64,480,20,v_2611,0.653
16,64,480,20,v_2612,0.653
16,64,480,20,v_2613,0.653
16,64,480,20,v_2614,0.653
16,64,480,20,v_2615,0.653
16,64,480,20,v_2616,0.653
16,64,480,20,v_2617,0.653
16,64,480,20,v_2618,0.653
16,64,480,20,v_2619,0.653
16,64,480,20,v_2620,0.653
16,64,480,20,v_2621,0.653
16,64,480,20,v_2622,0.653
16,64,480,20,v_2623,0.653
16,64,480,20,v_2624,0.653
16,64,480,20,v_2625,0.653
16,64,480,20,v_2626,0.653
16,64,480,20,v_2627,0.653
16,64,480,20,v_2628,0.653
16,64,480,20,v_2629,0.653
16,64,480,20,v_2630,0.653
16,64,480,20,v_2631,0.653
16,64,480,20,v_2632,0.653
16,64,480,20,v_2633,0.653
16,64,480,20,v_2634,0.653
16,64,480,20,v_2635,0.653
16,64,480,20,v_2636,0.653
16,64,480,20,v_2637,0.653
16,64,480,20,v_2638,0.653
16,64,480,20,v_2639,0.653
16,64,480,20,v_2640,0.653
16,64,480,20,v_2641,0.653
16,64,480,20,v_2642,0.653
16,64,480,20,v_2643,0.653
16,64,480,20,v_2644,0.653
16,64,480,20,v_2645,0.653
16,64,480,20,v_2646,0.653
16,64,480,20,v_2647,0.653
16,64,480,20,v_2648,0.653
16,64,480,20,v_2649,0.653
16,64,480,20,v_2650,0.653
16,64,480,20,v_2651,0.653
16,64,480,20,v_2652,0.653
16,64,480,20,v_2653,0.653
16,64,480,20,v_2654,0.653
16,64,480,20,v_2655,0.653
16,64,480,20,v_2656,0.653
16,64,480,20,v_2657,0.653
16,64,480,20,v_2658,0.653
16,64,480,20,v_2659,0.653
16,64,480,20,v_2660,0.653
16,64,480,20,v_2661,0.653
16,64,480,20,v_2662,0.653
16,64,480,20,v_2663,0.653
16,64,480,20,v_2664,0.653
16,64,480,20,v_2665,0.653
16,64,480,20,v_2666,0.653
16,64,480,20,v_2667,0.653
16,64,480,20,v_2668,0.653
16,64,480,20,v_2669,0.653
16,64,480,20,v_2670,0.653
16,64,480,20,v_2671,0.653
16,64,480,20,v_2672,0.653
16,64,480,20,v_2673,0.653
16,64,480,20,v_2674,0.653
16,64,480,20,v_2675,0.653
16,64,480,20,v_2676,0.653
16,64,480,20,v_2677,0.653
16,64,480,20,v_2678,0.653
16,64,480,20,v_2679,0.653
16,64,480,20,v_2680,0.653
16,64,480,20,v_2681,0.653
16,64,480,20,v_2682,0.653
16,64,480,20,v_2683,0.653
16,64,480,20,v_2684,0.653
16,64,480,20,v_2685,0.653
16,64,480,20,v_2686,0.653
16,64,480,20,v_2687,0.653
16,64,480,20,v_2688,0.653
16,64,480,20,v_2689,0.653
16,64,480,20,v_2690,0.653
16,64,480,20,v_2691,0.653
16,64,480,20,v_2692,0.653
16,64,480,20,v_2693,0.653
16,64,480,20,v_2694,0.653
16,64,480,20,v_2695,0.653
16,64,480,20,v_2696,0.653
16,64,480,20,v_2697,0.653
16,64,480,20,v_2698,0.653
16,64,480,20,v_2699,0.653
16,64,480,20,v_2700,0.653
16,64,480,20,v_2701,0.653
16,64,480,20,v_2702,0.653
16,64,480,20,v_2703,0.653
16,64,480,20,v_2704,0.653
16,64,480,20,v_2705,0.653
16,64,480,20,v_2706,0.653
16,64,480,20,v_2707,0.653
16,64,480,20,v_2708,0.653
16,64,480,20,v_2709,0.653
16,64,480,20,v_2710,0.653
16,64,480,20,v_2711,0.653
16,64,480,20,v_2712,0.653
16,64,480,20,v_2713,0.653
16,64,480,20,v_2714,0.653
16,64,480,20,v_2715,0.653
16,64,480,20,v_2716,0.653
16,64,480,20,v_2717,0.653
16,64,480,20,v_2718,0.653
16,64,480,20,v_2719,0.653
16,64,480,20,v_2720,0.653
16,64,480,20,v_2721,0.653
16,64,480,20,v_2722,0.653
16,64,480,20,v_2723,0.653
16,64,480,20,v_2724,0.653
16,64,480,20,v_2725,0.653
16,64,480,20,v_2726,0.653
16,64,480,20,v_2727,0.653
16,64,480,20,v_2728,0.653
16,64,480,20,v_2729,0.653
16,64,480,20,v_2730,0.653
16,64,480,20,v_2731,0.653
16,64,480,20,v_2732,0.653
16,64,480,20,v_2733,0.653
16,64,480,20,v_2734,0.653
16,64,480,20,v_2735,0.653
16,64,480,20,v_2736,0.653
16,64,480,20,v_2737,0.653
16,64,480,20,v_2738,0.653
16,64,480,20,v_2739,0.653
16,64,480,20,v_2740,0.653
16,64,480,20,v_2741,0.653
16,64,480,20,v_2742,0.653
16,64,480,20,v_2743,0.653
16,64,480,20,v_2744,0.653
16,64,480,20,v_2745,0.653
16,64,480,20,v_2746,0.653
16,64,480,20,v_2747,0.653
16,64,480,20,v_2748,0.653
16,64,480,20,v_2749,0.653
16,64,480,20,v_2750,0.653
16,64,480,20,v_2751,0.653
16,64,480,20,v_2752,0.653
16,64,480,20,v_2753,0.653
16,64,480,20,v_2754,0.653
16,64,480,20,v_2755,0.653
16,64,480,20,v_2756,0.653
16,64,480,20,v_2757,0.653
16,64,480,20,v_2758,0.653
16,64,480,20,v_2759,0.653
16,64,480,20,v_2760,0.653
16,64,480,20,v_2761,0.653
16,64,480,20,v_2762,0.653
16,64,480,20,v_2763,0.653
